"filename", "language", "Python", "Properties", "Batch", "Markdown", "PLSQL", "XML", "PowerShell", "comment", "blank", "total"
"g:\MyClasses\DataBaseSystem\HITSZ-DB\DB-Exp3\backend\README.md", "Markdown", 0, 0, 0, 2, 0, 0, 0, 0, 1, 3
"g:\MyClasses\DataBaseSystem\HITSZ-DB\DB-Exp3\backend\api.py", "Python", 321, 0, 0, 0, 0, 0, 0, 50, 58, 429
"g:\MyClasses\DataBaseSystem\HITSZ-DB\DB-Exp3\backend\apimanager.py", "Python", 104, 0, 0, 0, 0, 0, 0, 43, 29, 176
"g:\MyClasses\DataBaseSystem\HITSZ-DB\DB-Exp3\backend\config.py", "Python", 15, 0, 0, 0, 0, 0, 0, 5, 7, 27
"g:\MyClasses\DataBaseSystem\HITSZ-DB\DB-Exp3\backend\generate-utils\generate-models.py", "Python", 46, 0, 0, 0, 0, 0, 0, 23, 10, 79
"g:\MyClasses\DataBaseSystem\HITSZ-DB\DB-Exp3\backend\generate-utils\generate-vars.py", "Python", 46, 0, 0, 0, 0, 0, 0, 1, 7, 54
"g:\MyClasses\DataBaseSystem\HITSZ-DB\DB-Exp3\backend\generate-utils\sqls\dpsv_create_table.sql", "PLSQL", 0, 0, 0, 0, 209, 0, 0, 49, 69, 327
"g:\MyClasses\DataBaseSystem\HITSZ-DB\DB-Exp3\backend\generate-utils\sqls\dpsv_model_generated.py", "Python", 131, 0, 0, 0, 0, 0, 0, 0, 20, 151
"g:\MyClasses\DataBaseSystem\HITSZ-DB\DB-Exp3\backend\generate-utils\sqls\dpsv_vars_generated.py", "Python", 95, 0, 0, 0, 0, 0, 0, 28, 16, 139
"g:\MyClasses\DataBaseSystem\HITSZ-DB\DB-Exp3\backend\models.py", "Python", 137, 0, 0, 0, 0, 0, 0, 0, 21, 158
"g:\MyClasses\DataBaseSystem\HITSZ-DB\DB-Exp3\backend\sqlhelper.py", "Python", 142, 0, 0, 0, 0, 0, 0, 16, 14, 172
"g:\MyClasses\DataBaseSystem\HITSZ-DB\DB-Exp3\backend\start-api.bat", "Batch", 0, 0, 1, 0, 0, 0, 0, 0, 0, 1
"g:\MyClasses\DataBaseSystem\HITSZ-DB\DB-Exp3\backend\test.py", "Python", 39, 0, 0, 0, 0, 0, 0, 37, 22, 98
"g:\MyClasses\DataBaseSystem\HITSZ-DB\DB-Exp3\backend\utils.py", "Python", 21, 0, 0, 0, 0, 0, 0, 0, 5, 26
"g:\MyClasses\DataBaseSystem\HITSZ-DB\DB-Exp3\backend\venv\Lib\site-packages\easy_install.py", "Python", 3, 0, 0, 0, 0, 0, 0, 1, 2, 6
"g:\MyClasses\DataBaseSystem\HITSZ-DB\DB-Exp3\backend\venv\Lib\site-packages\pip\__init__.py", "Python", 1, 0, 0, 0, 0, 0, 0, 0, 1, 2
"g:\MyClasses\DataBaseSystem\HITSZ-DB\DB-Exp3\backend\venv\Lib\site-packages\pip\__main__.py", "Python", 9, 0, 0, 0, 0, 0, 0, 6, 5, 20
"g:\MyClasses\DataBaseSystem\HITSZ-DB\DB-Exp3\backend\venv\Lib\site-packages\pip\_internal\__init__.py", "Python", 45, 0, 0, 0, 0, 0, 0, 19, 14, 78
"g:\MyClasses\DataBaseSystem\HITSZ-DB\DB-Exp3\backend\venv\Lib\site-packages\pip\_internal\build_env.py", "Python", 162, 0, 0, 0, 0, 0, 0, 23, 34, 219
"g:\MyClasses\DataBaseSystem\HITSZ-DB\DB-Exp3\backend\venv\Lib\site-packages\pip\_internal\cache.py", "Python", 111, 0, 0, 0, 0, 0, 0, 70, 44, 225
"g:\MyClasses\DataBaseSystem\HITSZ-DB\DB-Exp3\backend\venv\Lib\site-packages\pip\_internal\cli\__init__.py", "Python", 0, 0, 0, 0, 0, 0, 0, 3, 2, 5
"g:\MyClasses\DataBaseSystem\HITSZ-DB\DB-Exp3\backend\venv\Lib\site-packages\pip\_internal\cli\autocompletion.py", "Python", 99, 0, 0, 0, 0, 0, 0, 38, 16, 153
"g:\MyClasses\DataBaseSystem\HITSZ-DB\DB-Exp3\backend\venv\Lib\site-packages\pip\_internal\cli\base_command.py", "Python", 254, 0, 0, 0, 0, 0, 0, 44, 49, 347
"g:\MyClasses\DataBaseSystem\HITSZ-DB\DB-Exp3\backend\venv\Lib\site-packages\pip\_internal\cli\cmdoptions.py", "Python", 670, 0, 0, 0, 0, 0, 0, 130, 132, 932
"g:\MyClasses\DataBaseSystem\HITSZ-DB\DB-Exp3\backend\venv\Lib\site-packages\pip\_internal\cli\main_parser.py", "Python", 53, 0, 0, 0, 0, 0, 0, 20, 26, 99
"g:\MyClasses\DataBaseSystem\HITSZ-DB\DB-Exp3\backend\venv\Lib\site-packages\pip\_internal\cli\parser.py", "Python", 162, 0, 0, 0, 0, 0, 0, 48, 52, 262
"g:\MyClasses\DataBaseSystem\HITSZ-DB\DB-Exp3\backend\venv\Lib\site-packages\pip\_internal\cli\status_codes.py", "Python", 7, 0, 0, 0, 0, 0, 0, 0, 2, 9
"g:\MyClasses\DataBaseSystem\HITSZ-DB\DB-Exp3\backend\venv\Lib\site-packages\pip\_internal\commands\__init__.py", "Python", 58, 0, 0, 0, 0, 0, 0, 6, 18, 82
"g:\MyClasses\DataBaseSystem\HITSZ-DB\DB-Exp3\backend\venv\Lib\site-packages\pip\_internal\commands\check.py", "Python", 31, 0, 0, 0, 0, 0, 0, 2, 9, 42
"g:\MyClasses\DataBaseSystem\HITSZ-DB\DB-Exp3\backend\venv\Lib\site-packages\pip\_internal\commands\completion.py", "Python", 54, 0, 0, 0, 0, 0, 0, 29, 12, 95
"g:\MyClasses\DataBaseSystem\HITSZ-DB\DB-Exp3\backend\venv\Lib\site-packages\pip\_internal\commands\configuration.py", "Python", 185, 0, 0, 0, 0, 0, 0, 33, 41, 259
"g:\MyClasses\DataBaseSystem\HITSZ-DB\DB-Exp3\backend\venv\Lib\site-packages\pip\_internal\commands\debug.py", "Python", 80, 0, 0, 0, 0, 0, 0, 9, 26, 115
"g:\MyClasses\DataBaseSystem\HITSZ-DB\DB-Exp3\backend\venv\Lib\site-packages\pip\_internal\commands\download.py", "Python", 123, 0, 0, 0, 0, 0, 0, 19, 27, 169
"g:\MyClasses\DataBaseSystem\HITSZ-DB\DB-Exp3\backend\venv\Lib\site-packages\pip\_internal\commands\freeze.py", "Python", 83, 0, 0, 0, 0, 0, 0, 6, 13, 102
"g:\MyClasses\DataBaseSystem\HITSZ-DB\DB-Exp3\backend\venv\Lib\site-packages\pip\_internal\commands\hash.py", "Python", 39, 0, 0, 0, 0, 0, 0, 8, 11, 58
"g:\MyClasses\DataBaseSystem\HITSZ-DB\DB-Exp3\backend\venv\Lib\site-packages\pip\_internal\commands\help.py", "Python", 24, 0, 0, 0, 0, 0, 0, 3, 11, 38
"g:\MyClasses\DataBaseSystem\HITSZ-DB\DB-Exp3\backend\venv\Lib\site-packages\pip\_internal\commands\install.py", "Python", 453, 0, 0, 0, 0, 0, 0, 48, 80, 581
"g:\MyClasses\DataBaseSystem\HITSZ-DB\DB-Exp3\backend\venv\Lib\site-packages\pip\_internal\commands\list.py", "Python", 235, 0, 0, 0, 0, 0, 0, 27, 50, 312
"g:\MyClasses\DataBaseSystem\HITSZ-DB\DB-Exp3\backend\venv\Lib\site-packages\pip\_internal\commands\search.py", "Python", 105, 0, 0, 0, 0, 0, 0, 11, 24, 140
"g:\MyClasses\DataBaseSystem\HITSZ-DB\DB-Exp3\backend\venv\Lib\site-packages\pip\_internal\commands\show.py", "Python", 122, 0, 0, 0, 0, 0, 0, 20, 27, 169
"g:\MyClasses\DataBaseSystem\HITSZ-DB\DB-Exp3\backend\venv\Lib\site-packages\pip\_internal\commands\uninstall.py", "Python", 58, 0, 0, 0, 0, 0, 0, 11, 10, 79
"g:\MyClasses\DataBaseSystem\HITSZ-DB\DB-Exp3\backend\venv\Lib\site-packages\pip\_internal\commands\wheel.py", "Python", 136, 0, 0, 0, 0, 0, 0, 20, 26, 182
"g:\MyClasses\DataBaseSystem\HITSZ-DB\DB-Exp3\backend\venv\Lib\site-packages\pip\_internal\configuration.py", "Python", 233, 0, 0, 0, 0, 0, 0, 112, 73, 418
"g:\MyClasses\DataBaseSystem\HITSZ-DB\DB-Exp3\backend\venv\Lib\site-packages\pip\_internal\distributions\__init__.py", "Python", 12, 0, 0, 0, 0, 0, 0, 5, 7, 24
"g:\MyClasses\DataBaseSystem\HITSZ-DB\DB-Exp3\backend\venv\Lib\site-packages\pip\_internal\distributions\base.py", "Python", 13, 0, 0, 0, 0, 0, 0, 14, 7, 34
"g:\MyClasses\DataBaseSystem\HITSZ-DB\DB-Exp3\backend\venv\Lib\site-packages\pip\_internal\distributions\installed.py", "Python", 6, 0, 0, 0, 0, 0, 0, 5, 5, 16
"g:\MyClasses\DataBaseSystem\HITSZ-DB\DB-Exp3\backend\venv\Lib\site-packages\pip\_internal\distributions\source.py", "Python", 51, 0, 0, 0, 0, 0, 0, 19, 11, 81
"g:\MyClasses\DataBaseSystem\HITSZ-DB\DB-Exp3\backend\venv\Lib\site-packages\pip\_internal\distributions\wheel.py", "Python", 8, 0, 0, 0, 0, 0, 0, 4, 6, 18
"g:\MyClasses\DataBaseSystem\HITSZ-DB\DB-Exp3\backend\venv\Lib\site-packages\pip\_internal\download.py", "Python", 705, 0, 0, 0, 0, 0, 0, 287, 186, 1178
"g:\MyClasses\DataBaseSystem\HITSZ-DB\DB-Exp3\backend\venv\Lib\site-packages\pip\_internal\exceptions.py", "Python", 126, 0, 0, 0, 0, 0, 0, 108, 72, 306
"g:\MyClasses\DataBaseSystem\HITSZ-DB\DB-Exp3\backend\venv\Lib\site-packages\pip\_internal\index.py", "Python", 888, 0, 0, 0, 0, 0, 0, 443, 178, 1509
"g:\MyClasses\DataBaseSystem\HITSZ-DB\DB-Exp3\backend\venv\Lib\site-packages\pip\_internal\legacy_resolve.py", "Python", 274, 0, 0, 0, 0, 0, 0, 124, 60, 458
"g:\MyClasses\DataBaseSystem\HITSZ-DB\DB-Exp3\backend\venv\Lib\site-packages\pip\_internal\locations.py", "Python", 88, 0, 0, 0, 0, 0, 0, 30, 25, 143
"g:\MyClasses\DataBaseSystem\HITSZ-DB\DB-Exp3\backend\venv\Lib\site-packages\pip\_internal\models\__init__.py", "Python", 0, 0, 0, 0, 0, 0, 0, 2, 1, 3
"g:\MyClasses\DataBaseSystem\HITSZ-DB\DB-Exp3\backend\venv\Lib\site-packages\pip\_internal\models\candidate.py", "Python", 24, 0, 0, 0, 0, 0, 0, 4, 9, 37
"g:\MyClasses\DataBaseSystem\HITSZ-DB\DB-Exp3\backend\venv\Lib\site-packages\pip\_internal\models\format_control.py", "Python", 54, 0, 0, 0, 0, 0, 0, 7, 13, 74
"g:\MyClasses\DataBaseSystem\HITSZ-DB\DB-Exp3\backend\venv\Lib\site-packages\pip\_internal\models\index.py", "Python", 17, 0, 0, 0, 0, 0, 0, 7, 8, 32
"g:\MyClasses\DataBaseSystem\HITSZ-DB\DB-Exp3\backend\venv\Lib\site-packages\pip\_internal\models\link.py", "Python", 125, 0, 0, 0, 0, 0, 0, 51, 38, 214
"g:\MyClasses\DataBaseSystem\HITSZ-DB\DB-Exp3\backend\venv\Lib\site-packages\pip\_internal\models\search_scope.py", "Python", 70, 0, 0, 0, 0, 0, 0, 27, 17, 114
"g:\MyClasses\DataBaseSystem\HITSZ-DB\DB-Exp3\backend\venv\Lib\site-packages\pip\_internal\models\selection_prefs.py", "Python", 20, 0, 0, 0, 0, 0, 0, 21, 7, 48
"g:\MyClasses\DataBaseSystem\HITSZ-DB\DB-Exp3\backend\venv\Lib\site-packages\pip\_internal\models\target_python.py", "Python", 58, 0, 0, 0, 0, 0, 0, 33, 16, 107
"g:\MyClasses\DataBaseSystem\HITSZ-DB\DB-Exp3\backend\venv\Lib\site-packages\pip\_internal\operations\__init__.py", "Python", 0, 0, 0, 0, 0, 0, 0, 0, 1, 1
"g:\MyClasses\DataBaseSystem\HITSZ-DB\DB-Exp3\backend\venv\Lib\site-packages\pip\_internal\operations\check.py", "Python", 92, 0, 0, 0, 0, 0, 0, 30, 38, 160
"g:\MyClasses\DataBaseSystem\HITSZ-DB\DB-Exp3\backend\venv\Lib\site-packages\pip\_internal\operations\freeze.py", "Python", 200, 0, 0, 0, 0, 0, 0, 22, 32, 254
"g:\MyClasses\DataBaseSystem\HITSZ-DB\DB-Exp3\backend\venv\Lib\site-packages\pip\_internal\operations\prepare.py", "Python", 185, 0, 0, 0, 0, 0, 0, 72, 31, 288
"g:\MyClasses\DataBaseSystem\HITSZ-DB\DB-Exp3\backend\venv\Lib\site-packages\pip\_internal\pep425tags.py", "Python", 220, 0, 0, 0, 0, 0, 0, 98, 67, 385
"g:\MyClasses\DataBaseSystem\HITSZ-DB\DB-Exp3\backend\venv\Lib\site-packages\pip\_internal\pyproject.py", "Python", 84, 0, 0, 0, 0, 0, 0, 62, 26, 172
"g:\MyClasses\DataBaseSystem\HITSZ-DB\DB-Exp3\backend\venv\Lib\site-packages\pip\_internal\req\__init__.py", "Python", 61, 0, 0, 0, 0, 0, 0, 7, 11, 79
"g:\MyClasses\DataBaseSystem\HITSZ-DB\DB-Exp3\backend\venv\Lib\site-packages\pip\_internal\req\constructors.py", "Python", 262, 0, 0, 0, 0, 0, 0, 47, 41, 350
"g:\MyClasses\DataBaseSystem\HITSZ-DB\DB-Exp3\backend\venv\Lib\site-packages\pip\_internal\req\req_file.py", "Python", 239, 0, 0, 0, 0, 0, 0, 112, 49, 400
"g:\MyClasses\DataBaseSystem\HITSZ-DB\DB-Exp3\backend\venv\Lib\site-packages\pip\_internal\req\req_install.py", "Python", 725, 0, 0, 0, 0, 0, 0, 214, 97, 1036
"g:\MyClasses\DataBaseSystem\HITSZ-DB\DB-Exp3\backend\venv\Lib\site-packages\pip\_internal\req\req_set.py", "Python", 124, 0, 0, 0, 0, 0, 0, 44, 26, 194
"g:\MyClasses\DataBaseSystem\HITSZ-DB\DB-Exp3\backend\venv\Lib\site-packages\pip\_internal\req\req_tracker.py", "Python", 73, 0, 0, 0, 0, 0, 0, 9, 15, 97
"g:\MyClasses\DataBaseSystem\HITSZ-DB\DB-Exp3\backend\venv\Lib\site-packages\pip\_internal\req\req_uninstall.py", "Python", 414, 0, 0, 0, 0, 0, 0, 132, 88, 634
"g:\MyClasses\DataBaseSystem\HITSZ-DB\DB-Exp3\backend\venv\Lib\site-packages\pip\_internal\utils\__init__.py", "Python", 0, 0, 0, 0, 0, 0, 0, 0, 1, 1
"g:\MyClasses\DataBaseSystem\HITSZ-DB\DB-Exp3\backend\venv\Lib\site-packages\pip\_internal\utils\appdirs.py", "Python", 116, 0, 0, 0, 0, 0, 0, 117, 36, 269
"g:\MyClasses\DataBaseSystem\HITSZ-DB\DB-Exp3\backend\venv\Lib\site-packages\pip\_internal\utils\compat.py", "Python", 158, 0, 0, 0, 0, 0, 0, 91, 45, 294
"g:\MyClasses\DataBaseSystem\HITSZ-DB\DB-Exp3\backend\venv\Lib\site-packages\pip\_internal\utils\deprecation.py", "Python", 47, 0, 0, 0, 0, 0, 0, 32, 22, 101
"g:\MyClasses\DataBaseSystem\HITSZ-DB\DB-Exp3\backend\venv\Lib\site-packages\pip\_internal\utils\encoding.py", "Python", 28, 0, 0, 0, 0, 0, 0, 5, 7, 40
"g:\MyClasses\DataBaseSystem\HITSZ-DB\DB-Exp3\backend\venv\Lib\site-packages\pip\_internal\utils\filesystem.py", "Python", 20, 0, 0, 0, 0, 0, 0, 6, 5, 31
"g:\MyClasses\DataBaseSystem\HITSZ-DB\DB-Exp3\backend\venv\Lib\site-packages\pip\_internal\utils\glibc.py", "Python", 52, 0, 0, 0, 0, 0, 0, 49, 20, 121
"g:\MyClasses\DataBaseSystem\HITSZ-DB\DB-Exp3\backend\venv\Lib\site-packages\pip\_internal\utils\hashes.py", "Python", 61, 0, 0, 0, 0, 0, 0, 44, 24, 129
"g:\MyClasses\DataBaseSystem\HITSZ-DB\DB-Exp3\backend\venv\Lib\site-packages\pip\_internal\utils\logging.py", "Python", 240, 0, 0, 0, 0, 0, 0, 91, 64, 395
"g:\MyClasses\DataBaseSystem\HITSZ-DB\DB-Exp3\backend\venv\Lib\site-packages\pip\_internal\utils\marker_files.py", "Python", 12, 0, 0, 0, 0, 0, 0, 4, 5, 21
"g:\MyClasses\DataBaseSystem\HITSZ-DB\DB-Exp3\backend\venv\Lib\site-packages\pip\_internal\utils\misc.py", "Python", 695, 0, 0, 0, 0, 0, 0, 343, 164, 1202
"g:\MyClasses\DataBaseSystem\HITSZ-DB\DB-Exp3\backend\venv\Lib\site-packages\pip\_internal\utils\models.py", "Python", 23, 0, 0, 0, 0, 0, 0, 4, 14, 41
"g:\MyClasses\DataBaseSystem\HITSZ-DB\DB-Exp3\backend\venv\Lib\site-packages\pip\_internal\utils\outdated.py", "Python", 114, 0, 0, 0, 0, 0, 0, 32, 33, 179
"g:\MyClasses\DataBaseSystem\HITSZ-DB\DB-Exp3\backend\venv\Lib\site-packages\pip\_internal\utils\packaging.py", "Python", 47, 0, 0, 0, 0, 0, 0, 28, 20, 95
"g:\MyClasses\DataBaseSystem\HITSZ-DB\DB-Exp3\backend\venv\Lib\site-packages\pip\_internal\utils\setuptools_build.py", "Python", 17, 0, 0, 0, 0, 0, 0, 14, 6, 37
"g:\MyClasses\DataBaseSystem\HITSZ-DB\DB-Exp3\backend\venv\Lib\site-packages\pip\_internal\utils\temp_dir.py", "Python", 74, 0, 0, 0, 0, 0, 0, 61, 21, 156
"g:\MyClasses\DataBaseSystem\HITSZ-DB\DB-Exp3\backend\venv\Lib\site-packages\pip\_internal\utils\typing.py", "Python", 1, 0, 0, 0, 0, 0, 0, 27, 2, 30
"g:\MyClasses\DataBaseSystem\HITSZ-DB\DB-Exp3\backend\venv\Lib\site-packages\pip\_internal\utils\ui.py", "Python", 238, 0, 0, 0, 0, 0, 0, 100, 87, 425
"g:\MyClasses\DataBaseSystem\HITSZ-DB\DB-Exp3\backend\venv\Lib\site-packages\pip\_internal\utils\virtualenv.py", "Python", 16, 0, 0, 0, 0, 0, 0, 13, 6, 35
"g:\MyClasses\DataBaseSystem\HITSZ-DB\DB-Exp3\backend\venv\Lib\site-packages\pip\_internal\vcs\__init__.py", "Python", 7, 0, 0, 0, 0, 0, 0, 5, 1, 13
"g:\MyClasses\DataBaseSystem\HITSZ-DB\DB-Exp3\backend\venv\Lib\site-packages\pip\_internal\vcs\bazaar.py", "Python", 74, 0, 0, 0, 0, 0, 0, 8, 20, 102
"g:\MyClasses\DataBaseSystem\HITSZ-DB\DB-Exp3\backend\venv\Lib\site-packages\pip\_internal\vcs\git.py", "Python", 232, 0, 0, 0, 0, 0, 0, 75, 52, 359
"g:\MyClasses\DataBaseSystem\HITSZ-DB\DB-Exp3\backend\venv\Lib\site-packages\pip\_internal\vcs\mercurial.py", "Python", 76, 0, 0, 0, 0, 0, 0, 9, 19, 104
"g:\MyClasses\DataBaseSystem\HITSZ-DB\DB-Exp3\backend\venv\Lib\site-packages\pip\_internal\vcs\subversion.py", "Python", 185, 0, 0, 0, 0, 0, 0, 84, 46, 315
"g:\MyClasses\DataBaseSystem\HITSZ-DB\DB-Exp3\backend\venv\Lib\site-packages\pip\_internal\vcs\versioncontrol.py", "Python", 308, 0, 0, 0, 0, 0, 0, 214, 79, 601
"g:\MyClasses\DataBaseSystem\HITSZ-DB\DB-Exp3\backend\venv\Lib\site-packages\pip\_internal\wheel.py", "Python", 703, 0, 0, 0, 0, 0, 0, 288, 135, 1126
"g:\MyClasses\DataBaseSystem\HITSZ-DB\DB-Exp3\backend\venv\Lib\site-packages\pip\_vendor\__init__.py", "Python", 67, 0, 0, 0, 0, 0, 0, 33, 10, 110
"g:\MyClasses\DataBaseSystem\HITSZ-DB\DB-Exp3\backend\venv\Lib\site-packages\pip\_vendor\appdirs.py", "Python", 302, 0, 0, 0, 0, 0, 0, 240, 63, 605
"g:\MyClasses\DataBaseSystem\HITSZ-DB\DB-Exp3\backend\venv\Lib\site-packages\pip\_vendor\cachecontrol\__init__.py", "Python", 6, 0, 0, 0, 0, 0, 0, 4, 2, 12
"g:\MyClasses\DataBaseSystem\HITSZ-DB\DB-Exp3\backend\venv\Lib\site-packages\pip\_vendor\cachecontrol\_cmd.py", "Python", 35, 0, 0, 0, 0, 0, 0, 4, 19, 58
"g:\MyClasses\DataBaseSystem\HITSZ-DB\DB-Exp3\backend\venv\Lib\site-packages\pip\_vendor\cachecontrol\adapter.py", "Python", 83, 0, 0, 0, 0, 0, 0, 27, 24, 134
"g:\MyClasses\DataBaseSystem\HITSZ-DB\DB-Exp3\backend\venv\Lib\site-packages\pip\_vendor\cachecontrol\cache.py", "Python", 23, 0, 0, 0, 0, 0, 0, 4, 13, 40
"g:\MyClasses\DataBaseSystem\HITSZ-DB\DB-Exp3\backend\venv\Lib\site-packages\pip\_vendor\cachecontrol\caches\__init__.py", "Python", 2, 0, 0, 0, 0, 0, 0, 0, 1, 3
"g:\MyClasses\DataBaseSystem\HITSZ-DB\DB-Exp3\backend\venv\Lib\site-packages\pip\_vendor\cachecontrol\caches\file_cache.py", "Python", 88, 0, 0, 0, 0, 0, 0, 30, 29, 147
"g:\MyClasses\DataBaseSystem\HITSZ-DB\DB-Exp3\backend\venv\Lib\site-packages\pip\_vendor\cachecontrol\caches\redis_cache.py", "Python", 21, 0, 0, 0, 0, 0, 0, 3, 10, 34
"g:\MyClasses\DataBaseSystem\HITSZ-DB\DB-Exp3\backend\venv\Lib\site-packages\pip\_vendor\cachecontrol\compat.py", "Python", 20, 0, 0, 0, 0, 0, 0, 3, 7, 30
"g:\MyClasses\DataBaseSystem\HITSZ-DB\DB-Exp3\backend\venv\Lib\site-packages\pip\_vendor\cachecontrol\controller.py", "Python", 223, 0, 0, 0, 0, 0, 0, 80, 65, 368
"g:\MyClasses\DataBaseSystem\HITSZ-DB\DB-Exp3\backend\venv\Lib\site-packages\pip\_vendor\cachecontrol\filewrapper.py", "Python", 37, 0, 0, 0, 0, 0, 0, 27, 17, 81
"g:\MyClasses\DataBaseSystem\HITSZ-DB\DB-Exp3\backend\venv\Lib\site-packages\pip\_vendor\cachecontrol\heuristics.py", "Python", 69, 0, 0, 0, 0, 0, 0, 32, 35, 136
"g:\MyClasses\DataBaseSystem\HITSZ-DB\DB-Exp3\backend\venv\Lib\site-packages\pip\_vendor\cachecontrol\serialize.py", "Python", 103, 0, 0, 0, 0, 0, 0, 47, 37, 187
"g:\MyClasses\DataBaseSystem\HITSZ-DB\DB-Exp3\backend\venv\Lib\site-packages\pip\_vendor\cachecontrol\wrapper.py", "Python", 25, 0, 0, 0, 0, 0, 0, 0, 5, 30
"g:\MyClasses\DataBaseSystem\HITSZ-DB\DB-Exp3\backend\venv\Lib\site-packages\pip\_vendor\certifi\__init__.py", "Python", 2, 0, 0, 0, 0, 0, 0, 0, 2, 4
"g:\MyClasses\DataBaseSystem\HITSZ-DB\DB-Exp3\backend\venv\Lib\site-packages\pip\_vendor\certifi\__main__.py", "Python", 2, 0, 0, 0, 0, 0, 0, 0, 1, 3
"g:\MyClasses\DataBaseSystem\HITSZ-DB\DB-Exp3\backend\venv\Lib\site-packages\pip\_vendor\certifi\core.py", "Python", 4, 0, 0, 0, 0, 0, 0, 7, 5, 16
"g:\MyClasses\DataBaseSystem\HITSZ-DB\DB-Exp3\backend\venv\Lib\site-packages\pip\_vendor\chardet\__init__.py", "Python", 13, 0, 0, 0, 0, 0, 0, 22, 5, 40
"g:\MyClasses\DataBaseSystem\HITSZ-DB\DB-Exp3\backend\venv\Lib\site-packages\pip\_vendor\chardet\big5freq.py", "Python", 340, 0, 0, 0, 0, 0, 0, 41, 6, 387
"g:\MyClasses\DataBaseSystem\HITSZ-DB\DB-Exp3\backend\venv\Lib\site-packages\pip\_vendor\chardet\big5prober.py", "Python", 16, 0, 0, 0, 0, 0, 0, 26, 6, 48
"g:\MyClasses\DataBaseSystem\HITSZ-DB\DB-Exp3\backend\venv\Lib\site-packages\pip\_vendor\chardet\chardistribution.py", "Python", 131, 0, 0, 0, 0, 0, 0, 73, 30, 234
"g:\MyClasses\DataBaseSystem\HITSZ-DB\DB-Exp3\backend\venv\Lib\site-packages\pip\_vendor\chardet\charsetgroupprober.py", "Python", 72, 0, 0, 0, 0, 0, 0, 26, 9, 107
"g:\MyClasses\DataBaseSystem\HITSZ-DB\DB-Exp3\backend\venv\Lib\site-packages\pip\_vendor\chardet\charsetprober.py", "Python", 56, 0, 0, 0, 0, 0, 0, 67, 23, 146
"g:\MyClasses\DataBaseSystem\HITSZ-DB\DB-Exp3\backend\venv\Lib\site-packages\pip\_vendor\chardet\cli\__init__.py", "Python", 0, 0, 0, 0, 0, 0, 0, 0, 2, 2
"g:\MyClasses\DataBaseSystem\HITSZ-DB\DB-Exp3\backend\venv\Lib\site-packages\pip\_vendor\chardet\cli\chardetect.py", "Python", 43, 0, 0, 0, 0, 0, 0, 32, 11, 86
"g:\MyClasses\DataBaseSystem\HITSZ-DB\DB-Exp3\backend\venv\Lib\site-packages\pip\_vendor\chardet\codingstatemachine.py", "Python", 29, 0, 0, 0, 0, 0, 0, 50, 10, 89
"g:\MyClasses\DataBaseSystem\HITSZ-DB\DB-Exp3\backend\venv\Lib\site-packages\pip\_vendor\chardet\compat.py", "Python", 11, 0, 0, 0, 0, 0, 0, 20, 4, 35
"g:\MyClasses\DataBaseSystem\HITSZ-DB\DB-Exp3\backend\venv\Lib\site-packages\pip\_vendor\chardet\cp949prober.py", "Python", 16, 0, 0, 0, 0, 0, 0, 28, 6, 50
"g:\MyClasses\DataBaseSystem\HITSZ-DB\DB-Exp3\backend\venv\Lib\site-packages\pip\_vendor\chardet\enums.py", "Python", 35, 0, 0, 0, 0, 0, 0, 28, 14, 77
"g:\MyClasses\DataBaseSystem\HITSZ-DB\DB-Exp3\backend\venv\Lib\site-packages\pip\_vendor\chardet\escprober.py", "Python", 60, 0, 0, 0, 0, 0, 0, 31, 11, 102
"g:\MyClasses\DataBaseSystem\HITSZ-DB\DB-Exp3\backend\venv\Lib\site-packages\pip\_vendor\chardet\escsm.py", "Python", 201, 0, 0, 0, 0, 0, 0, 26, 20, 247
"g:\MyClasses\DataBaseSystem\HITSZ-DB\DB-Exp3\backend\venv\Lib\site-packages\pip\_vendor\chardet\eucjpprober.py", "Python", 54, 0, 0, 0, 0, 0, 0, 27, 12, 93
"g:\MyClasses\DataBaseSystem\HITSZ-DB\DB-Exp3\backend\venv\Lib\site-packages\pip\_vendor\chardet\euckrfreq.py", "Python", 151, 0, 0, 0, 0, 0, 0, 38, 7, 196
"g:\MyClasses\DataBaseSystem\HITSZ-DB\DB-Exp3\backend\venv\Lib\site-packages\pip\_vendor\chardet\euckrprober.py", "Python", 16, 0, 0, 0, 0, 0, 0, 26, 6, 48
"g:\MyClasses\DataBaseSystem\HITSZ-DB\DB-Exp3\backend\venv\Lib\site-packages\pip\_vendor\chardet\euctwfreq.py", "Python", 340, 0, 0, 0, 0, 0, 0, 41, 7, 388
"g:\MyClasses\DataBaseSystem\HITSZ-DB\DB-Exp3\backend\venv\Lib\site-packages\pip\_vendor\chardet\euctwprober.py", "Python", 16, 0, 0, 0, 0, 0, 0, 26, 5, 47
"g:\MyClasses\DataBaseSystem\HITSZ-DB\DB-Exp3\backend\venv\Lib\site-packages\pip\_vendor\chardet\gb2312freq.py", "Python", 239, 0, 0, 0, 0, 0, 0, 38, 7, 284
"g:\MyClasses\DataBaseSystem\HITSZ-DB\DB-Exp3\backend\venv\Lib\site-packages\pip\_vendor\chardet\gb2312prober.py", "Python", 16, 0, 0, 0, 0, 0, 0, 26, 5, 47
"g:\MyClasses\DataBaseSystem\HITSZ-DB\DB-Exp3\backend\venv\Lib\site-packages\pip\_vendor\chardet\hebrewprober.py", "Python", 83, 0, 0, 0, 0, 0, 0, 186, 24, 293
"g:\MyClasses\DataBaseSystem\HITSZ-DB\DB-Exp3\backend\venv\Lib\site-packages\pip\_vendor\chardet\jisfreq.py", "Python", 277, 0, 0, 0, 0, 0, 0, 41, 8, 326
"g:\MyClasses\DataBaseSystem\HITSZ-DB\DB-Exp3\backend\venv\Lib\site-packages\pip\_vendor\chardet\jpcntx.py", "Python", 169, 0, 0, 0, 0, 0, 0, 44, 21, 234
"g:\MyClasses\DataBaseSystem\HITSZ-DB\DB-Exp3\backend\venv\Lib\site-packages\pip\_vendor\chardet\langbulgarianmodel.py", "Python", 182, 0, 0, 0, 0, 0, 0, 39, 8, 229
"g:\MyClasses\DataBaseSystem\HITSZ-DB\DB-Exp3\backend\venv\Lib\site-packages\pip\_vendor\chardet\langcyrillicmodel.py", "Python", 286, 0, 0, 0, 0, 0, 0, 34, 14, 334
"g:\MyClasses\DataBaseSystem\HITSZ-DB\DB-Exp3\backend\venv\Lib\site-packages\pip\_vendor\chardet\langgreekmodel.py", "Python", 182, 0, 0, 0, 0, 0, 0, 37, 7, 226
"g:\MyClasses\DataBaseSystem\HITSZ-DB\DB-Exp3\backend\venv\Lib\site-packages\pip\_vendor\chardet\langhebrewmodel.py", "Python", 156, 0, 0, 0, 0, 0, 0, 40, 5, 201
"g:\MyClasses\DataBaseSystem\HITSZ-DB\DB-Exp3\backend\venv\Lib\site-packages\pip\_vendor\chardet\langhungarianmodel.py", "Python", 182, 0, 0, 0, 0, 0, 0, 37, 7, 226
"g:\MyClasses\DataBaseSystem\HITSZ-DB\DB-Exp3\backend\venv\Lib\site-packages\pip\_vendor\chardet\langthaimodel.py", "Python", 156, 0, 0, 0, 0, 0, 0, 38, 6, 200
"g:\MyClasses\DataBaseSystem\HITSZ-DB\DB-Exp3\backend\venv\Lib\site-packages\pip\_vendor\chardet\langturkishmodel.py", "Python", 156, 0, 0, 0, 0, 0, 0, 33, 5, 194
"g:\MyClasses\DataBaseSystem\HITSZ-DB\DB-Exp3\backend\venv\Lib\site-packages\pip\_vendor\chardet\latin1prober.py", "Python", 97, 0, 0, 0, 0, 0, 0, 34, 15, 146
"g:\MyClasses\DataBaseSystem\HITSZ-DB\DB-Exp3\backend\venv\Lib\site-packages\pip\_vendor\chardet\mbcharsetprober.py", "Python", 48, 0, 0, 0, 0, 0, 0, 31, 13, 92
"g:\MyClasses\DataBaseSystem\HITSZ-DB\DB-Exp3\backend\venv\Lib\site-packages\pip\_vendor\chardet\mbcsgroupprober.py", "Python", 23, 0, 0, 0, 0, 0, 0, 28, 4, 55
"g:\MyClasses\DataBaseSystem\HITSZ-DB\DB-Exp3\backend\venv\Lib\site-packages\pip\_vendor\chardet\mbcssm.py", "Python", 476, 0, 0, 0, 0, 0, 0, 44, 53, 573
"g:\MyClasses\DataBaseSystem\HITSZ-DB\DB-Exp3\backend\venv\Lib\site-packages\pip\_vendor\chardet\sbcharsetprober.py", "Python", 83, 0, 0, 0, 0, 0, 0, 38, 12, 133
"g:\MyClasses\DataBaseSystem\HITSZ-DB\DB-Exp3\backend\venv\Lib\site-packages\pip\_vendor\chardet\sbcsgroupprober.py", "Python", 37, 0, 0, 0, 0, 0, 0, 32, 5, 74
"g:\MyClasses\DataBaseSystem\HITSZ-DB\DB-Exp3\backend\venv\Lib\site-packages\pip\_vendor\chardet\sjisprober.py", "Python", 55, 0, 0, 0, 0, 0, 0, 26, 12, 93
"g:\MyClasses\DataBaseSystem\HITSZ-DB\DB-Exp3\backend\venv\Lib\site-packages\pip\_vendor\chardet\universaldetector.py", "Python", 161, 0, 0, 0, 0, 0, 0, 104, 22, 287
"g:\MyClasses\DataBaseSystem\HITSZ-DB\DB-Exp3\backend\venv\Lib\site-packages\pip\_vendor\chardet\utf8prober.py", "Python", 44, 0, 0, 0, 0, 0, 0, 26, 13, 83
"g:\MyClasses\DataBaseSystem\HITSZ-DB\DB-Exp3\backend\venv\Lib\site-packages\pip\_vendor\chardet\version.py", "Python", 2, 0, 0, 0, 0, 0, 0, 6, 2, 10
"g:\MyClasses\DataBaseSystem\HITSZ-DB\DB-Exp3\backend\venv\Lib\site-packages\pip\_vendor\colorama\__init__.py", "Python", 4, 0, 0, 0, 0, 0, 0, 1, 2, 7
"g:\MyClasses\DataBaseSystem\HITSZ-DB\DB-Exp3\backend\venv\Lib\site-packages\pip\_vendor\colorama\ansi.py", "Python", 77, 0, 0, 0, 0, 0, 0, 6, 20, 103
"g:\MyClasses\DataBaseSystem\HITSZ-DB\DB-Exp3\backend\venv\Lib\site-packages\pip\_vendor\colorama\ansitowin32.py", "Python", 195, 0, 0, 0, 0, 0, 0, 23, 40, 258
"g:\MyClasses\DataBaseSystem\HITSZ-DB\DB-Exp3\backend\venv\Lib\site-packages\pip\_vendor\colorama\initialise.py", "Python", 57, 0, 0, 0, 0, 0, 0, 1, 23, 81
"g:\MyClasses\DataBaseSystem\HITSZ-DB\DB-Exp3\backend\venv\Lib\site-packages\pip\_vendor\colorama\win32.py", "Python", 122, 0, 0, 0, 0, 0, 0, 11, 20, 153
"g:\MyClasses\DataBaseSystem\HITSZ-DB\DB-Exp3\backend\venv\Lib\site-packages\pip\_vendor\colorama\winterm.py", "Python", 123, 0, 0, 0, 0, 0, 0, 28, 19, 170
"g:\MyClasses\DataBaseSystem\HITSZ-DB\DB-Exp3\backend\venv\Lib\site-packages\pip\_vendor\distlib\__init__.py", "Python", 13, 0, 0, 0, 0, 0, 0, 6, 5, 24
"g:\MyClasses\DataBaseSystem\HITSZ-DB\DB-Exp3\backend\venv\Lib\site-packages\pip\_vendor\distlib\_backport\__init__.py", "Python", 0, 0, 0, 0, 0, 0, 0, 6, 1, 7
"g:\MyClasses\DataBaseSystem\HITSZ-DB\DB-Exp3\backend\venv\Lib\site-packages\pip\_vendor\distlib\_backport\misc.py", "Python", 26, 0, 0, 0, 0, 0, 0, 6, 10, 42
"g:\MyClasses\DataBaseSystem\HITSZ-DB\DB-Exp3\backend\venv\Lib\site-packages\pip\_vendor\distlib\_backport\shutil.py", "Python", 459, 0, 0, 0, 0, 0, 0, 214, 89, 762
"g:\MyClasses\DataBaseSystem\HITSZ-DB\DB-Exp3\backend\venv\Lib\site-packages\pip\_vendor\distlib\_backport\sysconfig.cfg", "Properties", 0, 72, 0, 0, 0, 0, 0, 4, 9, 85
"g:\MyClasses\DataBaseSystem\HITSZ-DB\DB-Exp3\backend\venv\Lib\site-packages\pip\_vendor\distlib\_backport\sysconfig.py", "Python", 485, 0, 0, 0, 0, 0, 0, 186, 118, 789
"g:\MyClasses\DataBaseSystem\HITSZ-DB\DB-Exp3\backend\venv\Lib\site-packages\pip\_vendor\distlib\_backport\tarfile.py", "Python", 1653, 0, 0, 0, 0, 0, 0, 616, 339, 2608
"g:\MyClasses\DataBaseSystem\HITSZ-DB\DB-Exp3\backend\venv\Lib\site-packages\pip\_vendor\distlib\compat.py", "Python", 813, 0, 0, 0, 0, 0, 0, 152, 156, 1121
"g:\MyClasses\DataBaseSystem\HITSZ-DB\DB-Exp3\backend\venv\Lib\site-packages\pip\_vendor\distlib\database.py", "Python", 766, 0, 0, 0, 0, 0, 0, 424, 150, 1340
"g:\MyClasses\DataBaseSystem\HITSZ-DB\DB-Exp3\backend\venv\Lib\site-packages\pip\_vendor\distlib\index.py", "Python", 290, 0, 0, 0, 0, 0, 0, 197, 30, 517
"g:\MyClasses\DataBaseSystem\HITSZ-DB\DB-Exp3\backend\venv\Lib\site-packages\pip\_vendor\distlib\locators.py", "Python", 821, 0, 0, 0, 0, 0, 0, 383, 92, 1296
"g:\MyClasses\DataBaseSystem\HITSZ-DB\DB-Exp3\backend\venv\Lib\site-packages\pip\_vendor\distlib\manifest.py", "Python", 199, 0, 0, 0, 0, 0, 0, 143, 52, 394
"g:\MyClasses\DataBaseSystem\HITSZ-DB\DB-Exp3\backend\venv\Lib\site-packages\pip\_vendor\distlib\markers.py", "Python", 89, 0, 0, 0, 0, 0, 0, 27, 16, 132
"g:\MyClasses\DataBaseSystem\HITSZ-DB\DB-Exp3\backend\venv\Lib\site-packages\pip\_vendor\distlib\metadata.py", "Python", 832, 0, 0, 0, 0, 0, 0, 119, 146, 1097
"g:\MyClasses\DataBaseSystem\HITSZ-DB\DB-Exp3\backend\venv\Lib\site-packages\pip\_vendor\distlib\resources.py", "Python", 243, 0, 0, 0, 0, 0, 0, 55, 58, 356
"g:\MyClasses\DataBaseSystem\HITSZ-DB\DB-Exp3\backend\venv\Lib\site-packages\pip\_vendor\distlib\scripts.py", "Python", 296, 0, 0, 0, 0, 0, 0, 71, 37, 404
"g:\MyClasses\DataBaseSystem\HITSZ-DB\DB-Exp3\backend\venv\Lib\site-packages\pip\_vendor\distlib\util.py", "Python", 1291, 0, 0, 0, 0, 0, 0, 269, 201, 1761
"g:\MyClasses\DataBaseSystem\HITSZ-DB\DB-Exp3\backend\venv\Lib\site-packages\pip\_vendor\distlib\version.py", "Python", 477, 0, 0, 0, 0, 0, 0, 137, 123, 737
"g:\MyClasses\DataBaseSystem\HITSZ-DB\DB-Exp3\backend\venv\Lib\site-packages\pip\_vendor\distlib\wheel.py", "Python", 791, 0, 0, 0, 0, 0, 0, 114, 100, 1005
"g:\MyClasses\DataBaseSystem\HITSZ-DB\DB-Exp3\backend\venv\Lib\site-packages\pip\_vendor\distro.py", "Python", 385, 0, 0, 0, 0, 0, 0, 730, 102, 1217
"g:\MyClasses\DataBaseSystem\HITSZ-DB\DB-Exp3\backend\venv\Lib\site-packages\pip\_vendor\html5lib\__init__.py", "Python", 8, 0, 0, 0, 0, 0, 0, 23, 5, 36
"g:\MyClasses\DataBaseSystem\HITSZ-DB\DB-Exp3\backend\venv\Lib\site-packages\pip\_vendor\html5lib\_ihatexml.py", "Python", 162, 0, 0, 0, 0, 0, 0, 79, 48, 289
"g:\MyClasses\DataBaseSystem\HITSZ-DB\DB-Exp3\backend\venv\Lib\site-packages\pip\_vendor\html5lib\_inputstream.py", "Python", 612, 0, 0, 0, 0, 0, 0, 182, 130, 924
"g:\MyClasses\DataBaseSystem\HITSZ-DB\DB-Exp3\backend\venv\Lib\site-packages\pip\_vendor\html5lib\_tokenizer.py", "Python", 1516, 0, 0, 0, 0, 0, 0, 100, 106, 1722
"g:\MyClasses\DataBaseSystem\HITSZ-DB\DB-Exp3\backend\venv\Lib\site-packages\pip\_vendor\html5lib\_trie\__init__.py", "Python", 9, 0, 0, 0, 0, 0, 0, 2, 4, 15
"g:\MyClasses\DataBaseSystem\HITSZ-DB\DB-Exp3\backend\venv\Lib\site-packages\pip\_vendor\html5lib\_trie\_base.py", "Python", 26, 0, 0, 0, 0, 0, 0, 2, 13, 41
"g:\MyClasses\DataBaseSystem\HITSZ-DB\DB-Exp3\backend\venv\Lib\site-packages\pip\_vendor\html5lib\_trie\datrie.py", "Python", 31, 0, 0, 0, 0, 0, 0, 0, 14, 45
"g:\MyClasses\DataBaseSystem\HITSZ-DB\DB-Exp3\backend\venv\Lib\site-packages\pip\_vendor\html5lib\_trie\py.py", "Python", 48, 0, 0, 0, 0, 0, 0, 0, 20, 68
"g:\MyClasses\DataBaseSystem\HITSZ-DB\DB-Exp3\backend\venv\Lib\site-packages\pip\_vendor\html5lib\_utils.py", "Python", 72, 0, 0, 0, 0, 0, 0, 25, 28, 125
"g:\MyClasses\DataBaseSystem\HITSZ-DB\DB-Exp3\backend\venv\Lib\site-packages\pip\_vendor\html5lib\constants.py", "Python", 2907, 0, 0, 0, 0, 0, 0, 6, 35, 2948
"g:\MyClasses\DataBaseSystem\HITSZ-DB\DB-Exp3\backend\venv\Lib\site-packages\pip\_vendor\html5lib\filters\__init__.py", "Python", 0, 0, 0, 0, 0, 0, 0, 0, 1, 1
"g:\MyClasses\DataBaseSystem\HITSZ-DB\DB-Exp3\backend\venv\Lib\site-packages\pip\_vendor\html5lib\filters\alphabeticalattributes.py", "Python", 15, 0, 0, 0, 0, 0, 0, 8, 7, 30
"g:\MyClasses\DataBaseSystem\HITSZ-DB\DB-Exp3\backend\venv\Lib\site-packages\pip\_vendor\html5lib\filters\base.py", "Python", 8, 0, 0, 0, 0, 0, 0, 0, 5, 13
"g:\MyClasses\DataBaseSystem\HITSZ-DB\DB-Exp3\backend\venv\Lib\site-packages\pip\_vendor\html5lib\filters\inject_meta_charset.py", "Python", 53, 0, 0, 0, 0, 0, 0, 11, 10, 74
"g:\MyClasses\DataBaseSystem\HITSZ-DB\DB-Exp3\backend\venv\Lib\site-packages\pip\_vendor\html5lib\filters\lint.py", "Python", 67, 0, 0, 0, 0, 0, 0, 12, 15, 94
"g:\MyClasses\DataBaseSystem\HITSZ-DB\DB-Exp3\backend\venv\Lib\site-packages\pip\_vendor\html5lib\filters\optionaltags.py", "Python", 115, 0, 0, 0, 0, 0, 0, 86, 7, 208
"g:\MyClasses\DataBaseSystem\HITSZ-DB\DB-Exp3\backend\venv\Lib\site-packages\pip\_vendor\html5lib\filters\sanitizer.py", "Python", 804, 0, 0, 0, 0, 0, 0, 59, 34, 897
"g:\MyClasses\DataBaseSystem\HITSZ-DB\DB-Exp3\backend\venv\Lib\site-packages\pip\_vendor\html5lib\filters\whitespace.py", "Python", 24, 0, 0, 0, 0, 0, 0, 2, 13, 39
"g:\MyClasses\DataBaseSystem\HITSZ-DB\DB-Exp3\backend\venv\Lib\site-packages\pip\_vendor\html5lib\html5parser.py", "Python", 2075, 0, 0, 0, 0, 0, 0, 295, 422, 2792
"g:\MyClasses\DataBaseSystem\HITSZ-DB\DB-Exp3\backend\venv\Lib\site-packages\pip\_vendor\html5lib\serializer.py", "Python", 236, 0, 0, 0, 0, 0, 0, 135, 39, 410
"g:\MyClasses\DataBaseSystem\HITSZ-DB\DB-Exp3\backend\venv\Lib\site-packages\pip\_vendor\html5lib\treeadapters\__init__.py", "Python", 9, 0, 0, 0, 0, 0, 0, 18, 4, 31
"g:\MyClasses\DataBaseSystem\HITSZ-DB\DB-Exp3\backend\venv\Lib\site-packages\pip\_vendor\html5lib\treeadapters\genshi.py", "Python", 37, 0, 0, 0, 0, 0, 0, 7, 11, 55
"g:\MyClasses\DataBaseSystem\HITSZ-DB\DB-Exp3\backend\venv\Lib\site-packages\pip\_vendor\html5lib\treeadapters\sax.py", "Python", 36, 0, 0, 0, 0, 0, 0, 7, 8, 51
"g:\MyClasses\DataBaseSystem\HITSZ-DB\DB-Exp3\backend\venv\Lib\site-packages\pip\_vendor\html5lib\treebuilders\__init__.py", "Python", 23, 0, 0, 0, 0, 0, 0, 59, 7, 89
"g:\MyClasses\DataBaseSystem\HITSZ-DB\DB-Exp3\backend\venv\Lib\site-packages\pip\_vendor\html5lib\treebuilders\base.py", "Python", 228, 0, 0, 0, 0, 0, 0, 124, 66, 418
"g:\MyClasses\DataBaseSystem\HITSZ-DB\DB-Exp3\backend\venv\Lib\site-packages\pip\_vendor\html5lib\treebuilders\dom.py", "Python", 190, 0, 0, 0, 0, 0, 0, 3, 47, 240
"g:\MyClasses\DataBaseSystem\HITSZ-DB\DB-Exp3\backend\venv\Lib\site-packages\pip\_vendor\html5lib\treebuilders\etree.py", "Python", 267, 0, 0, 0, 0, 0, 0, 10, 64, 341
"g:\MyClasses\DataBaseSystem\HITSZ-DB\DB-Exp3\backend\venv\Lib\site-packages\pip\_vendor\html5lib\treebuilders\etree_lxml.py", "Python", 275, 0, 0, 0, 0, 0, 0, 26, 66, 367
"g:\MyClasses\DataBaseSystem\HITSZ-DB\DB-Exp3\backend\venv\Lib\site-packages\pip\_vendor\html5lib\treewalkers\__init__.py", "Python", 94, 0, 0, 0, 0, 0, 0, 42, 19, 155
"g:\MyClasses\DataBaseSystem\HITSZ-DB\DB-Exp3\backend\venv\Lib\site-packages\pip\_vendor\html5lib\treewalkers\base.py", "Python", 119, 0, 0, 0, 0, 0, 0, 102, 32, 253
"g:\MyClasses\DataBaseSystem\HITSZ-DB\DB-Exp3\backend\venv\Lib\site-packages\pip\_vendor\html5lib\treewalkers\dom.py", "Python", 31, 0, 0, 0, 0, 0, 0, 0, 13, 44
"g:\MyClasses\DataBaseSystem\HITSZ-DB\DB-Exp3\backend\venv\Lib\site-packages\pip\_vendor\html5lib\treewalkers\etree.py", "Python", 96, 0, 0, 0, 0, 0, 0, 14, 21, 131
"g:\MyClasses\DataBaseSystem\HITSZ-DB\DB-Exp3\backend\venv\Lib\site-packages\pip\_vendor\html5lib\treewalkers\etree_lxml.py", "Python", 162, 0, 0, 0, 0, 0, 0, 5, 47, 214
"g:\MyClasses\DataBaseSystem\HITSZ-DB\DB-Exp3\backend\venv\Lib\site-packages\pip\_vendor\html5lib\treewalkers\genshi.py", "Python", 53, 0, 0, 0, 0, 0, 0, 2, 15, 70
"g:\MyClasses\DataBaseSystem\HITSZ-DB\DB-Exp3\backend\venv\Lib\site-packages\pip\_vendor\idna\__init__.py", "Python", 2, 0, 0, 0, 0, 0, 0, 0, 1, 3
"g:\MyClasses\DataBaseSystem\HITSZ-DB\DB-Exp3\backend\venv\Lib\site-packages\pip\_vendor\idna\codec.py", "Python", 88, 0, 0, 0, 0, 0, 0, 5, 26, 119
"g:\MyClasses\DataBaseSystem\HITSZ-DB\DB-Exp3\backend\venv\Lib\site-packages\pip\_vendor\idna\compat.py", "Python", 8, 0, 0, 0, 0, 0, 0, 0, 5, 13
"g:\MyClasses\DataBaseSystem\HITSZ-DB\DB-Exp3\backend\venv\Lib\site-packages\pip\_vendor\idna\core.py", "Python", 299, 0, 0, 0, 0, 0, 0, 13, 85, 397
"g:\MyClasses\DataBaseSystem\HITSZ-DB\DB-Exp3\backend\venv\Lib\site-packages\pip\_vendor\idna\idnadata.py", "Python", 1977, 0, 0, 0, 0, 0, 0, 1, 2, 1980
"g:\MyClasses\DataBaseSystem\HITSZ-DB\DB-Exp3\backend\venv\Lib\site-packages\pip\_vendor\idna\intranges.py", "Python", 29, 0, 0, 0, 0, 0, 0, 16, 9, 54
"g:\MyClasses\DataBaseSystem\HITSZ-DB\DB-Exp3\backend\venv\Lib\site-packages\pip\_vendor\idna\package_data.py", "Python", 1, 0, 0, 0, 0, 0, 0, 0, 2, 3
"g:\MyClasses\DataBaseSystem\HITSZ-DB\DB-Exp3\backend\venv\Lib\site-packages\pip\_vendor\idna\uts46data.py", "Python", 8120, 0, 0, 0, 0, 0, 0, 3, 83, 8206
"g:\MyClasses\DataBaseSystem\HITSZ-DB\DB-Exp3\backend\venv\Lib\site-packages\pip\_vendor\ipaddress.py", "Python", 1191, 0, 0, 0, 0, 0, 0, 929, 300, 2420
"g:\MyClasses\DataBaseSystem\HITSZ-DB\DB-Exp3\backend\venv\Lib\site-packages\pip\_vendor\lockfile\__init__.py", "Python", 111, 0, 0, 0, 0, 0, 0, 188, 49, 348
"g:\MyClasses\DataBaseSystem\HITSZ-DB\DB-Exp3\backend\venv\Lib\site-packages\pip\_vendor\lockfile\linklockfile.py", "Python", 51, 0, 0, 0, 0, 0, 0, 11, 12, 74
"g:\MyClasses\DataBaseSystem\HITSZ-DB\DB-Exp3\backend\venv\Lib\site-packages\pip\_vendor\lockfile\mkdirlockfile.py", "Python", 62, 0, 0, 0, 0, 0, 0, 11, 12, 85
"g:\MyClasses\DataBaseSystem\HITSZ-DB\DB-Exp3\backend\venv\Lib\site-packages\pip\_vendor\lockfile\pidlockfile.py", "Python", 77, 0, 0, 0, 0, 0, 0, 87, 27, 191
"g:\MyClasses\DataBaseSystem\HITSZ-DB\DB-Exp3\backend\venv\Lib\site-packages\pip\_vendor\lockfile\sqlitelockfile.py", "Python", 120, 0, 0, 0, 0, 0, 0, 14, 23, 157
"g:\MyClasses\DataBaseSystem\HITSZ-DB\DB-Exp3\backend\venv\Lib\site-packages\pip\_vendor\lockfile\symlinklockfile.py", "Python", 46, 0, 0, 0, 0, 0, 0, 13, 12, 71
"g:\MyClasses\DataBaseSystem\HITSZ-DB\DB-Exp3\backend\venv\Lib\site-packages\pip\_vendor\msgpack\__init__.py", "Python", 32, 0, 0, 0, 0, 0, 0, 19, 15, 66
"g:\MyClasses\DataBaseSystem\HITSZ-DB\DB-Exp3\backend\venv\Lib\site-packages\pip\_vendor\msgpack\_version.py", "Python", 1, 0, 0, 0, 0, 0, 0, 0, 1, 2
"g:\MyClasses\DataBaseSystem\HITSZ-DB\DB-Exp3\backend\venv\Lib\site-packages\pip\_vendor\msgpack\exceptions.py", "Python", 17, 0, 0, 0, 0, 0, 0, 15, 17, 49
"g:\MyClasses\DataBaseSystem\HITSZ-DB\DB-Exp3\backend\venv\Lib\site-packages\pip\_vendor\msgpack\fallback.py", "Python", 772, 0, 0, 0, 0, 0, 0, 179, 77, 1028
"g:\MyClasses\DataBaseSystem\HITSZ-DB\DB-Exp3\backend\venv\Lib\site-packages\pip\_vendor\packaging\__about__.py", "Python", 19, 0, 0, 0, 0, 0, 0, 3, 6, 28
"g:\MyClasses\DataBaseSystem\HITSZ-DB\DB-Exp3\backend\venv\Lib\site-packages\pip\_vendor\packaging\__init__.py", "Python", 21, 0, 0, 0, 0, 0, 0, 3, 3, 27
"g:\MyClasses\DataBaseSystem\HITSZ-DB\DB-Exp3\backend\venv\Lib\site-packages\pip\_vendor\packaging\_compat.py", "Python", 13, 0, 0, 0, 0, 0, 0, 10, 9, 32
"g:\MyClasses\DataBaseSystem\HITSZ-DB\DB-Exp3\backend\venv\Lib\site-packages\pip\_vendor\packaging\_structures.py", "Python", 41, 0, 0, 0, 0, 0, 0, 3, 25, 69
"g:\MyClasses\DataBaseSystem\HITSZ-DB\DB-Exp3\backend\venv\Lib\site-packages\pip\_vendor\packaging\markers.py", "Python", 202, 0, 0, 0, 0, 0, 0, 25, 70, 297
"g:\MyClasses\DataBaseSystem\HITSZ-DB\DB-Exp3\backend\venv\Lib\site-packages\pip\_vendor\packaging\requirements.py", "Python", 89, 0, 0, 0, 0, 0, 0, 18, 32, 139
"g:\MyClasses\DataBaseSystem\HITSZ-DB\DB-Exp3\backend\venv\Lib\site-packages\pip\_vendor\packaging\specifiers.py", "Python", 351, 0, 0, 0, 0, 0, 0, 262, 137, 750
"g:\MyClasses\DataBaseSystem\HITSZ-DB\DB-Exp3\backend\venv\Lib\site-packages\pip\_vendor\packaging\utils.py", "Python", 24, 0, 0, 0, 0, 0, 0, 16, 18, 58
"g:\MyClasses\DataBaseSystem\HITSZ-DB\DB-Exp3\backend\venv\Lib\site-packages\pip\_vendor\packaging\version.py", "Python", 228, 0, 0, 0, 0, 0, 0, 95, 98, 421
"g:\MyClasses\DataBaseSystem\HITSZ-DB\DB-Exp3\backend\venv\Lib\site-packages\pip\_vendor\pep517\__init__.py", "Python", 1, 0, 0, 0, 0, 0, 0, 2, 2, 5
"g:\MyClasses\DataBaseSystem\HITSZ-DB\DB-Exp3\backend\venv\Lib\site-packages\pip\_vendor\pep517\_in_process.py", "Python", 122, 0, 0, 0, 0, 0, 0, 45, 41, 208
"g:\MyClasses\DataBaseSystem\HITSZ-DB\DB-Exp3\backend\venv\Lib\site-packages\pip\_vendor\pep517\build.py", "Python", 79, 0, 0, 0, 0, 0, 0, 7, 23, 109
"g:\MyClasses\DataBaseSystem\HITSZ-DB\DB-Exp3\backend\venv\Lib\site-packages\pip\_vendor\pep517\check.py", "Python", 159, 0, 0, 0, 0, 0, 0, 3, 41, 203
"g:\MyClasses\DataBaseSystem\HITSZ-DB\DB-Exp3\backend\venv\Lib\site-packages\pip\_vendor\pep517\colorlog.py", "Python", 61, 0, 0, 0, 0, 0, 0, 40, 15, 116
"g:\MyClasses\DataBaseSystem\HITSZ-DB\DB-Exp3\backend\venv\Lib\site-packages\pip\_vendor\pep517\compat.py", "Python", 16, 0, 0, 0, 0, 0, 0, 3, 5, 24
"g:\MyClasses\DataBaseSystem\HITSZ-DB\DB-Exp3\backend\venv\Lib\site-packages\pip\_vendor\pep517\envbuild.py", "Python", 88, 0, 0, 0, 0, 0, 0, 45, 26, 159
"g:\MyClasses\DataBaseSystem\HITSZ-DB\DB-Exp3\backend\venv\Lib\site-packages\pip\_vendor\pep517\wrappers.py", "Python", 82, 0, 0, 0, 0, 0, 0, 58, 24, 164
"g:\MyClasses\DataBaseSystem\HITSZ-DB\DB-Exp3\backend\venv\Lib\site-packages\pip\_vendor\pkg_resources\__init__.py", "Python", 1824, 0, 0, 0, 0, 0, 0, 898, 565, 3287
"g:\MyClasses\DataBaseSystem\HITSZ-DB\DB-Exp3\backend\venv\Lib\site-packages\pip\_vendor\pkg_resources\py31compat.py", "Python", 15, 0, 0, 0, 0, 0, 0, 3, 6, 24
"g:\MyClasses\DataBaseSystem\HITSZ-DB\DB-Exp3\backend\venv\Lib\site-packages\pip\_vendor\progress\__init__.py", "Python", 127, 0, 0, 0, 0, 0, 0, 14, 37, 178
"g:\MyClasses\DataBaseSystem\HITSZ-DB\DB-Exp3\backend\venv\Lib\site-packages\pip\_vendor\progress\bar.py", "Python", 55, 0, 0, 0, 0, 0, 0, 14, 23, 92
"g:\MyClasses\DataBaseSystem\HITSZ-DB\DB-Exp3\backend\venv\Lib\site-packages\pip\_vendor\progress\counter.py", "Python", 16, 0, 0, 0, 0, 0, 0, 14, 12, 42
"g:\MyClasses\DataBaseSystem\HITSZ-DB\DB-Exp3\backend\venv\Lib\site-packages\pip\_vendor\progress\spinner.py", "Python", 16, 0, 0, 0, 0, 0, 0, 14, 14, 44
"g:\MyClasses\DataBaseSystem\HITSZ-DB\DB-Exp3\backend\venv\Lib\site-packages\pip\_vendor\pyparsing.py", "Python", 3145, 0, 0, 0, 0, 0, 0, 2748, 601, 6494
"g:\MyClasses\DataBaseSystem\HITSZ-DB\DB-Exp3\backend\venv\Lib\site-packages\pip\_vendor\pytoml\__init__.py", "Python", 4, 0, 0, 0, 0, 0, 0, 0, 0, 4
"g:\MyClasses\DataBaseSystem\HITSZ-DB\DB-Exp3\backend\venv\Lib\site-packages\pip\_vendor\pytoml\core.py", "Python", 11, 0, 0, 0, 0, 0, 0, 0, 3, 14
"g:\MyClasses\DataBaseSystem\HITSZ-DB\DB-Exp3\backend\venv\Lib\site-packages\pip\_vendor\pytoml\parser.py", "Python", 204, 0, 0, 0, 0, 0, 0, 100, 38, 342
"g:\MyClasses\DataBaseSystem\HITSZ-DB\DB-Exp3\backend\venv\Lib\site-packages\pip\_vendor\pytoml\test.py", "Python", 28, 0, 0, 0, 0, 0, 0, 0, 3, 31
"g:\MyClasses\DataBaseSystem\HITSZ-DB\DB-Exp3\backend\venv\Lib\site-packages\pip\_vendor\pytoml\utils.py", "Python", 54, 0, 0, 0, 0, 0, 0, 0, 14, 68
"g:\MyClasses\DataBaseSystem\HITSZ-DB\DB-Exp3\backend\venv\Lib\site-packages\pip\_vendor\pytoml\writer.py", "Python", 84, 0, 0, 0, 0, 0, 0, 1, 22, 107
"g:\MyClasses\DataBaseSystem\HITSZ-DB\DB-Exp3\backend\venv\Lib\site-packages\pip\_vendor\requests\__init__.py", "Python", 62, 0, 0, 0, 0, 0, 0, 51, 21, 134
"g:\MyClasses\DataBaseSystem\HITSZ-DB\DB-Exp3\backend\venv\Lib\site-packages\pip\_vendor\requests\__version__.py", "Python", 10, 0, 0, 0, 0, 0, 0, 3, 2, 15
"g:\MyClasses\DataBaseSystem\HITSZ-DB\DB-Exp3\backend\venv\Lib\site-packages\pip\_vendor\requests\_internal_utils.py", "Python", 17, 0, 0, 0, 0, 0, 0, 18, 8, 43
"g:\MyClasses\DataBaseSystem\HITSZ-DB\DB-Exp3\backend\venv\Lib\site-packages\pip\_vendor\requests\adapters.py", "Python", 281, 0, 0, 0, 0, 0, 0, 175, 78, 534
"g:\MyClasses\DataBaseSystem\HITSZ-DB\DB-Exp3\backend\venv\Lib\site-packages\pip\_vendor\requests\api.py", "Python", 28, 0, 0, 0, 0, 0, 0, 104, 27, 159
"g:\MyClasses\DataBaseSystem\HITSZ-DB\DB-Exp3\backend\venv\Lib\site-packages\pip\_vendor\requests\auth.py", "Python", 200, 0, 0, 0, 0, 0, 0, 48, 58, 306
"g:\MyClasses\DataBaseSystem\HITSZ-DB\DB-Exp3\backend\venv\Lib\site-packages\pip\_vendor\requests\certs.py", "Python", 3, 0, 0, 0, 0, 0, 0, 13, 3, 19
"g:\MyClasses\DataBaseSystem\HITSZ-DB\DB-Exp3\backend\venv\Lib\site-packages\pip\_vendor\requests\compat.py", "Python", 36, 0, 0, 0, 0, 0, 0, 24, 15, 75
"g:\MyClasses\DataBaseSystem\HITSZ-DB\DB-Exp3\backend\venv\Lib\site-packages\pip\_vendor\requests\cookies.py", "Python", 280, 0, 0, 0, 0, 0, 0, 187, 83, 550
"g:\MyClasses\DataBaseSystem\HITSZ-DB\DB-Exp3\backend\venv\Lib\site-packages\pip\_vendor\requests\exceptions.py", "Python", 35, 0, 0, 0, 0, 0, 0, 42, 50, 127
"g:\MyClasses\DataBaseSystem\HITSZ-DB\DB-Exp3\backend\venv\Lib\site-packages\pip\_vendor\requests\help.py", "Python", 88, 0, 0, 0, 0, 0, 0, 13, 19, 120
"g:\MyClasses\DataBaseSystem\HITSZ-DB\DB-Exp3\backend\venv\Lib\site-packages\pip\_vendor\requests\hooks.py", "Python", 14, 0, 0, 0, 0, 0, 0, 14, 7, 35
"g:\MyClasses\DataBaseSystem\HITSZ-DB\DB-Exp3\backend\venv\Lib\site-packages\pip\_vendor\requests\models.py", "Python", 517, 0, 0, 0, 0, 0, 0, 274, 163, 954
"g:\MyClasses\DataBaseSystem\HITSZ-DB\DB-Exp3\backend\venv\Lib\site-packages\pip\_vendor\requests\packages.py", "Python", 8, 0, 0, 0, 0, 0, 0, 5, 4, 17
"g:\MyClasses\DataBaseSystem\HITSZ-DB\DB-Exp3\backend\venv\Lib\site-packages\pip\_vendor\requests\sessions.py", "Python", 353, 0, 0, 0, 0, 0, 0, 279, 139, 771
"g:\MyClasses\DataBaseSystem\HITSZ-DB\DB-Exp3\backend\venv\Lib\site-packages\pip\_vendor\requests\status_codes.py", "Python", 88, 0, 0, 0, 0, 0, 0, 20, 13, 121
"g:\MyClasses\DataBaseSystem\HITSZ-DB\DB-Exp3\backend\venv\Lib\site-packages\pip\_vendor\requests\structures.py", "Python", 43, 0, 0, 0, 0, 0, 0, 39, 22, 104
"g:\MyClasses\DataBaseSystem\HITSZ-DB\DB-Exp3\backend\venv\Lib\site-packages\pip\_vendor\requests\utils.py", "Python", 498, 0, 0, 0, 0, 0, 0, 308, 172, 978
"g:\MyClasses\DataBaseSystem\HITSZ-DB\DB-Exp3\backend\venv\Lib\site-packages\pip\_vendor\retrying.py", "Python", 162, 0, 0, 0, 0, 0, 0, 50, 56, 268
"g:\MyClasses\DataBaseSystem\HITSZ-DB\DB-Exp3\backend\venv\Lib\site-packages\pip\_vendor\six.py", "Python", 652, 0, 0, 0, 0, 0, 0, 127, 174, 953
"g:\MyClasses\DataBaseSystem\HITSZ-DB\DB-Exp3\backend\venv\Lib\site-packages\pip\_vendor\urllib3\__init__.py", "Python", 53, 0, 0, 0, 0, 0, 0, 23, 16, 92
"g:\MyClasses\DataBaseSystem\HITSZ-DB\DB-Exp3\backend\venv\Lib\site-packages\pip\_vendor\urllib3\_collections.py", "Python", 194, 0, 0, 0, 0, 0, 0, 80, 56, 330
"g:\MyClasses\DataBaseSystem\HITSZ-DB\DB-Exp3\backend\venv\Lib\site-packages\pip\_vendor\urllib3\connection.py", "Python", 251, 0, 0, 0, 0, 0, 0, 99, 68, 418
"g:\MyClasses\DataBaseSystem\HITSZ-DB\DB-Exp3\backend\venv\Lib\site-packages\pip\_vendor\urllib3\connectionpool.py", "Python", 414, 0, 0, 0, 0, 0, 0, 360, 124, 898
"g:\MyClasses\DataBaseSystem\HITSZ-DB\DB-Exp3\backend\venv\Lib\site-packages\pip\_vendor\urllib3\contrib\__init__.py", "Python", 0, 0, 0, 0, 0, 0, 0, 0, 1, 1
"g:\MyClasses\DataBaseSystem\HITSZ-DB\DB-Exp3\backend\venv\Lib\site-packages\pip\_vendor\urllib3\contrib\_appengine_environ.py", "Python", 16, 0, 0, 0, 0, 0, 0, 3, 12, 31
"g:\MyClasses\DataBaseSystem\HITSZ-DB\DB-Exp3\backend\venv\Lib\site-packages\pip\_vendor\urllib3\contrib\_securetransport\__init__.py", "Python", 0, 0, 0, 0, 0, 0, 0, 0, 1, 1
"g:\MyClasses\DataBaseSystem\HITSZ-DB\DB-Exp3\backend\venv\Lib\site-packages\pip\_vendor\urllib3\contrib\_securetransport\bindings.py", "Python", 463, 0, 0, 0, 0, 0, 0, 43, 88, 594
"g:\MyClasses\DataBaseSystem\HITSZ-DB\DB-Exp3\backend\venv\Lib\site-packages\pip\_vendor\urllib3\contrib\_securetransport\low_level.py", "Python", 187, 0, 0, 0, 0, 0, 0, 109, 51, 347
"g:\MyClasses\DataBaseSystem\HITSZ-DB\DB-Exp3\backend\venv\Lib\site-packages\pip\_vendor\urllib3\contrib\appengine.py", "Python", 175, 0, 0, 0, 0, 0, 0, 68, 47, 290
"g:\MyClasses\DataBaseSystem\HITSZ-DB\DB-Exp3\backend\venv\Lib\site-packages\pip\_vendor\urllib3\contrib\ntlmpool.py", "Python", 74, 0, 0, 0, 0, 0, 0, 20, 18, 112
"g:\MyClasses\DataBaseSystem\HITSZ-DB\DB-Exp3\backend\venv\Lib\site-packages\pip\_vendor\urllib3\contrib\pyopenssl.py", "Python", 305, 0, 0, 0, 0, 0, 0, 99, 82, 486
"g:\MyClasses\DataBaseSystem\HITSZ-DB\DB-Exp3\backend\venv\Lib\site-packages\pip\_vendor\urllib3\contrib\securetransport.py", "Python", 501, 0, 0, 0, 0, 0, 0, 239, 114, 854
"g:\MyClasses\DataBaseSystem\HITSZ-DB\DB-Exp3\backend\venv\Lib\site-packages\pip\_vendor\urllib3\contrib\socks.py", "Python", 125, 0, 0, 0, 0, 0, 0, 52, 29, 206
"g:\MyClasses\DataBaseSystem\HITSZ-DB\DB-Exp3\backend\venv\Lib\site-packages\pip\_vendor\urllib3\exceptions.py", "Python", 128, 0, 0, 0, 0, 0, 0, 37, 82, 247
"g:\MyClasses\DataBaseSystem\HITSZ-DB\DB-Exp3\backend\venv\Lib\site-packages\pip\_vendor\urllib3\fields.py", "Python", 122, 0, 0, 0, 0, 0, 0, 110, 41, 273
"g:\MyClasses\DataBaseSystem\HITSZ-DB\DB-Exp3\backend\venv\Lib\site-packages\pip\_vendor\urllib3\filepost.py", "Python", 46, 0, 0, 0, 0, 0, 0, 31, 22, 99
"g:\MyClasses\DataBaseSystem\HITSZ-DB\DB-Exp3\backend\venv\Lib\site-packages\pip\_vendor\urllib3\packages\__init__.py", "Python", 3, 0, 0, 0, 0, 0, 0, 0, 3, 6
"g:\MyClasses\DataBaseSystem\HITSZ-DB\DB-Exp3\backend\venv\Lib\site-packages\pip\_vendor\urllib3\packages\backports\__init__.py", "Python", 0, 0, 0, 0, 0, 0, 0, 0, 1, 1
"g:\MyClasses\DataBaseSystem\HITSZ-DB\DB-Exp3\backend\venv\Lib\site-packages\pip\_vendor\urllib3\packages\backports\makefile.py", "Python", 39, 0, 0, 0, 0, 0, 0, 11, 4, 54
"g:\MyClasses\DataBaseSystem\HITSZ-DB\DB-Exp3\backend\venv\Lib\site-packages\pip\_vendor\urllib3\packages\rfc3986\__init__.py", "Python", 30, 0, 0, 0, 0, 0, 0, 22, 5, 57
"g:\MyClasses\DataBaseSystem\HITSZ-DB\DB-Exp3\backend\venv\Lib\site-packages\pip\_vendor\urllib3\packages\rfc3986\_mixin.py", "Python", 165, 0, 0, 0, 0, 0, 0, 157, 32, 354
"g:\MyClasses\DataBaseSystem\HITSZ-DB\DB-Exp3\backend\venv\Lib\site-packages\pip\_vendor\urllib3\packages\rfc3986\abnf_regexp.py", "Python", 162, 0, 0, 0, 0, 0, 0, 71, 35, 268
"g:\MyClasses\DataBaseSystem\HITSZ-DB\DB-Exp3\backend\venv\Lib\site-packages\pip\_vendor\urllib3\packages\rfc3986\api.py", "Python", 14, 0, 0, 0, 0, 0, 0, 81, 12, 107
"g:\MyClasses\DataBaseSystem\HITSZ-DB\DB-Exp3\backend\venv\Lib\site-packages\pip\_vendor\urllib3\packages\rfc3986\builder.py", "Python", 134, 0, 0, 0, 0, 0, 0, 146, 19, 299
"g:\MyClasses\DataBaseSystem\HITSZ-DB\DB-Exp3\backend\venv\Lib\site-packages\pip\_vendor\urllib3\packages\rfc3986\compat.py", "Python", 27, 0, 0, 0, 0, 0, 0, 17, 11, 55
"g:\MyClasses\DataBaseSystem\HITSZ-DB\DB-Exp3\backend\venv\Lib\site-packages\pip\_vendor\urllib3\packages\rfc3986\exceptions.py", "Python", 67, 0, 0, 0, 0, 0, 0, 19, 33, 119
"g:\MyClasses\DataBaseSystem\HITSZ-DB\DB-Exp3\backend\venv\Lib\site-packages\pip\_vendor\urllib3\packages\rfc3986\iri.py", "Python", 82, 0, 0, 0, 0, 0, 0, 47, 19, 148
"g:\MyClasses\DataBaseSystem\HITSZ-DB\DB-Exp3\backend\venv\Lib\site-packages\pip\_vendor\urllib3\packages\rfc3986\misc.py", "Python", 59, 0, 0, 0, 0, 0, 0, 40, 26, 125
"g:\MyClasses\DataBaseSystem\HITSZ-DB\DB-Exp3\backend\venv\Lib\site-packages\pip\_vendor\urllib3\packages\rfc3986\normalizers.py", "Python", 81, 0, 0, 0, 0, 0, 0, 48, 39, 168
"g:\MyClasses\DataBaseSystem\HITSZ-DB\DB-Exp3\backend\venv\Lib\site-packages\pip\_vendor\urllib3\packages\rfc3986\parseresult.py", "Python", 274, 0, 0, 0, 0, 0, 0, 72, 40, 386
"g:\MyClasses\DataBaseSystem\HITSZ-DB\DB-Exp3\backend\venv\Lib\site-packages\pip\_vendor\urllib3\packages\rfc3986\uri.py", "Python", 51, 0, 0, 0, 0, 0, 0, 91, 12, 154
"g:\MyClasses\DataBaseSystem\HITSZ-DB\DB-Exp3\backend\venv\Lib\site-packages\pip\_vendor\urllib3\packages\rfc3986\validators.py", "Python", 172, 0, 0, 0, 0, 0, 0, 229, 50, 451
"g:\MyClasses\DataBaseSystem\HITSZ-DB\DB-Exp3\backend\venv\Lib\site-packages\pip\_vendor\urllib3\packages\six.py", "Python", 615, 0, 0, 0, 0, 0, 0, 88, 166, 869
"g:\MyClasses\DataBaseSystem\HITSZ-DB\DB-Exp3\backend\venv\Lib\site-packages\pip\_vendor\urllib3\packages\ssl_match_hostname\__init__.py", "Python", 11, 0, 0, 0, 0, 0, 0, 5, 4, 20
"g:\MyClasses\DataBaseSystem\HITSZ-DB\DB-Exp3\backend\venv\Lib\site-packages\pip\_vendor\urllib3\packages\ssl_match_hostname\_implementation.py", "Python", 84, 0, 0, 0, 0, 0, 0, 53, 20, 157
"g:\MyClasses\DataBaseSystem\HITSZ-DB\DB-Exp3\backend\venv\Lib\site-packages\pip\_vendor\urllib3\poolmanager.py", "Python", 215, 0, 0, 0, 0, 0, 0, 169, 72, 456
"g:\MyClasses\DataBaseSystem\HITSZ-DB\DB-Exp3\backend\venv\Lib\site-packages\pip\_vendor\urllib3\request.py", "Python", 52, 0, 0, 0, 0, 0, 0, 76, 23, 151
"g:\MyClasses\DataBaseSystem\HITSZ-DB\DB-Exp3\backend\venv\Lib\site-packages\pip\_vendor\urllib3\response.py", "Python", 440, 0, 0, 0, 0, 0, 0, 210, 111, 761
"g:\MyClasses\DataBaseSystem\HITSZ-DB\DB-Exp3\backend\venv\Lib\site-packages\pip\_vendor\urllib3\util\__init__.py", "Python", 53, 0, 0, 0, 0, 0, 0, 1, 3, 57
"g:\MyClasses\DataBaseSystem\HITSZ-DB\DB-Exp3\backend\venv\Lib\site-packages\pip\_vendor\urllib3\util\connection.py", "Python", 67, 0, 0, 0, 0, 0, 0, 42, 26, 135
"g:\MyClasses\DataBaseSystem\HITSZ-DB\DB-Exp3\backend\venv\Lib\site-packages\pip\_vendor\urllib3\util\queue.py", "Python", 14, 0, 0, 0, 0, 0, 0, 1, 7, 22
"g:\MyClasses\DataBaseSystem\HITSZ-DB\DB-Exp3\backend\venv\Lib\site-packages\pip\_vendor\urllib3\util\request.py", "Python", 59, 0, 0, 0, 0, 0, 0, 50, 17, 126
"g:\MyClasses\DataBaseSystem\HITSZ-DB\DB-Exp3\backend\venv\Lib\site-packages\pip\_vendor\urllib3\util\response.py", "Python", 36, 0, 0, 0, 0, 0, 0, 35, 17, 88
"g:\MyClasses\DataBaseSystem\HITSZ-DB\DB-Exp3\backend\venv\Lib\site-packages\pip\_vendor\urllib3\util\retry.py", "Python", 185, 0, 0, 0, 0, 0, 0, 169, 59, 413
"g:\MyClasses\DataBaseSystem\HITSZ-DB\DB-Exp3\backend\venv\Lib\site-packages\pip\_vendor\urllib3\util\ssl_.py", "Python", 206, 0, 0, 0, 0, 0, 0, 129, 58, 393
"g:\MyClasses\DataBaseSystem\HITSZ-DB\DB-Exp3\backend\venv\Lib\site-packages\pip\_vendor\urllib3\util\timeout.py", "Python", 76, 0, 0, 0, 0, 0, 0, 145, 23, 244
"g:\MyClasses\DataBaseSystem\HITSZ-DB\DB-Exp3\backend\venv\Lib\site-packages\pip\_vendor\urllib3\util\url.py", "Python", 153, 0, 0, 0, 0, 0, 0, 92, 45, 290
"g:\MyClasses\DataBaseSystem\HITSZ-DB\DB-Exp3\backend\venv\Lib\site-packages\pip\_vendor\urllib3\util\wait.py", "Python", 83, 0, 0, 0, 0, 0, 0, 44, 24, 151
"g:\MyClasses\DataBaseSystem\HITSZ-DB\DB-Exp3\backend\venv\Lib\site-packages\pip\_vendor\webencodings\__init__.py", "Python", 126, 0, 0, 0, 0, 0, 0, 173, 44, 343
"g:\MyClasses\DataBaseSystem\HITSZ-DB\DB-Exp3\backend\venv\Lib\site-packages\pip\_vendor\webencodings\labels.py", "Python", 216, 0, 0, 0, 0, 0, 0, 13, 3, 232
"g:\MyClasses\DataBaseSystem\HITSZ-DB\DB-Exp3\backend\venv\Lib\site-packages\pip\_vendor\webencodings\mklabels.py", "Python", 26, 0, 0, 0, 0, 0, 0, 24, 10, 60
"g:\MyClasses\DataBaseSystem\HITSZ-DB\DB-Exp3\backend\venv\Lib\site-packages\pip\_vendor\webencodings\tests.py", "Python", 116, 0, 0, 0, 0, 0, 0, 13, 25, 154
"g:\MyClasses\DataBaseSystem\HITSZ-DB\DB-Exp3\backend\venv\Lib\site-packages\pip\_vendor\webencodings\x_user_defined.py", "Python", 285, 0, 0, 0, 0, 0, 0, 18, 23, 326
"g:\MyClasses\DataBaseSystem\HITSZ-DB\DB-Exp3\backend\venv\Lib\site-packages\pkg_resources\__init__.py", "Python", 1831, 0, 0, 0, 0, 0, 0, 900, 565, 3296
"g:\MyClasses\DataBaseSystem\HITSZ-DB\DB-Exp3\backend\venv\Lib\site-packages\pkg_resources\_vendor\__init__.py", "Python", 0, 0, 0, 0, 0, 0, 0, 0, 1, 1
"g:\MyClasses\DataBaseSystem\HITSZ-DB\DB-Exp3\backend\venv\Lib\site-packages\pkg_resources\_vendor\appdirs.py", "Python", 306, 0, 0, 0, 0, 0, 0, 240, 63, 609
"g:\MyClasses\DataBaseSystem\HITSZ-DB\DB-Exp3\backend\venv\Lib\site-packages\pkg_resources\_vendor\packaging\__about__.py", "Python", 13, 0, 0, 0, 0, 0, 0, 3, 6, 22
"g:\MyClasses\DataBaseSystem\HITSZ-DB\DB-Exp3\backend\venv\Lib\site-packages\pkg_resources\_vendor\packaging\__init__.py", "Python", 9, 0, 0, 0, 0, 0, 0, 3, 3, 15
"g:\MyClasses\DataBaseSystem\HITSZ-DB\DB-Exp3\backend\venv\Lib\site-packages\pkg_resources\_vendor\packaging\_compat.py", "Python", 13, 0, 0, 0, 0, 0, 0, 10, 8, 31
"g:\MyClasses\DataBaseSystem\HITSZ-DB\DB-Exp3\backend\venv\Lib\site-packages\pkg_resources\_vendor\packaging\_structures.py", "Python", 41, 0, 0, 0, 0, 0, 0, 3, 25, 69
"g:\MyClasses\DataBaseSystem\HITSZ-DB\DB-Exp3\backend\venv\Lib\site-packages\pkg_resources\_vendor\packaging\markers.py", "Python", 202, 0, 0, 0, 0, 0, 0, 25, 75, 302
"g:\MyClasses\DataBaseSystem\HITSZ-DB\DB-Exp3\backend\venv\Lib\site-packages\pkg_resources\_vendor\packaging\requirements.py", "Python", 80, 0, 0, 0, 0, 0, 0, 16, 32, 128
"g:\MyClasses\DataBaseSystem\HITSZ-DB\DB-Exp3\backend\venv\Lib\site-packages\pkg_resources\_vendor\packaging\specifiers.py", "Python", 375, 0, 0, 0, 0, 0, 0, 262, 138, 775
"g:\MyClasses\DataBaseSystem\HITSZ-DB\DB-Exp3\backend\venv\Lib\site-packages\pkg_resources\_vendor\packaging\utils.py", "Python", 5, 0, 0, 0, 0, 0, 0, 4, 6, 15
"g:\MyClasses\DataBaseSystem\HITSZ-DB\DB-Exp3\backend\venv\Lib\site-packages\pkg_resources\_vendor\packaging\version.py", "Python", 212, 0, 0, 0, 0, 0, 0, 95, 87, 394
"g:\MyClasses\DataBaseSystem\HITSZ-DB\DB-Exp3\backend\venv\Lib\site-packages\pkg_resources\_vendor\pyparsing.py", "Python", 2835, 0, 0, 0, 0, 0, 0, 2367, 541, 5743
"g:\MyClasses\DataBaseSystem\HITSZ-DB\DB-Exp3\backend\venv\Lib\site-packages\pkg_resources\_vendor\six.py", "Python", 615, 0, 0, 0, 0, 0, 0, 88, 166, 869
"g:\MyClasses\DataBaseSystem\HITSZ-DB\DB-Exp3\backend\venv\Lib\site-packages\pkg_resources\extern\__init__.py", "Python", 42, 0, 0, 0, 0, 0, 0, 22, 10, 74
"g:\MyClasses\DataBaseSystem\HITSZ-DB\DB-Exp3\backend\venv\Lib\site-packages\pkg_resources\py31compat.py", "Python", 15, 0, 0, 0, 0, 0, 0, 3, 6, 24
"g:\MyClasses\DataBaseSystem\HITSZ-DB\DB-Exp3\backend\venv\Lib\site-packages\setuptools\__init__.py", "Python", 125, 0, 0, 0, 0, 0, 0, 56, 48, 229
"g:\MyClasses\DataBaseSystem\HITSZ-DB\DB-Exp3\backend\venv\Lib\site-packages\setuptools\_deprecation_warning.py", "Python", 1, 0, 0, 0, 0, 0, 0, 6, 1, 8
"g:\MyClasses\DataBaseSystem\HITSZ-DB\DB-Exp3\backend\venv\Lib\site-packages\setuptools\_vendor\__init__.py", "Python", 0, 0, 0, 0, 0, 0, 0, 0, 1, 1
"g:\MyClasses\DataBaseSystem\HITSZ-DB\DB-Exp3\backend\venv\Lib\site-packages\setuptools\_vendor\packaging\__about__.py", "Python", 13, 0, 0, 0, 0, 0, 0, 3, 6, 22
"g:\MyClasses\DataBaseSystem\HITSZ-DB\DB-Exp3\backend\venv\Lib\site-packages\setuptools\_vendor\packaging\__init__.py", "Python", 9, 0, 0, 0, 0, 0, 0, 3, 3, 15
"g:\MyClasses\DataBaseSystem\HITSZ-DB\DB-Exp3\backend\venv\Lib\site-packages\setuptools\_vendor\packaging\_compat.py", "Python", 13, 0, 0, 0, 0, 0, 0, 10, 8, 31
"g:\MyClasses\DataBaseSystem\HITSZ-DB\DB-Exp3\backend\venv\Lib\site-packages\setuptools\_vendor\packaging\_structures.py", "Python", 41, 0, 0, 0, 0, 0, 0, 3, 25, 69
"g:\MyClasses\DataBaseSystem\HITSZ-DB\DB-Exp3\backend\venv\Lib\site-packages\setuptools\_vendor\packaging\markers.py", "Python", 202, 0, 0, 0, 0, 0, 0, 25, 75, 302
"g:\MyClasses\DataBaseSystem\HITSZ-DB\DB-Exp3\backend\venv\Lib\site-packages\setuptools\_vendor\packaging\requirements.py", "Python", 80, 0, 0, 0, 0, 0, 0, 16, 32, 128
"g:\MyClasses\DataBaseSystem\HITSZ-DB\DB-Exp3\backend\venv\Lib\site-packages\setuptools\_vendor\packaging\specifiers.py", "Python", 375, 0, 0, 0, 0, 0, 0, 262, 138, 775
"g:\MyClasses\DataBaseSystem\HITSZ-DB\DB-Exp3\backend\venv\Lib\site-packages\setuptools\_vendor\packaging\utils.py", "Python", 5, 0, 0, 0, 0, 0, 0, 4, 6, 15
"g:\MyClasses\DataBaseSystem\HITSZ-DB\DB-Exp3\backend\venv\Lib\site-packages\setuptools\_vendor\packaging\version.py", "Python", 212, 0, 0, 0, 0, 0, 0, 95, 87, 394
"g:\MyClasses\DataBaseSystem\HITSZ-DB\DB-Exp3\backend\venv\Lib\site-packages\setuptools\_vendor\pyparsing.py", "Python", 2835, 0, 0, 0, 0, 0, 0, 2367, 541, 5743
"g:\MyClasses\DataBaseSystem\HITSZ-DB\DB-Exp3\backend\venv\Lib\site-packages\setuptools\_vendor\six.py", "Python", 615, 0, 0, 0, 0, 0, 0, 88, 166, 869
"g:\MyClasses\DataBaseSystem\HITSZ-DB\DB-Exp3\backend\venv\Lib\site-packages\setuptools\archive_util.py", "Python", 100, 0, 0, 0, 0, 0, 0, 49, 25, 174
"g:\MyClasses\DataBaseSystem\HITSZ-DB\DB-Exp3\backend\venv\Lib\site-packages\setuptools\build_meta.py", "Python", 143, 0, 0, 0, 0, 0, 0, 63, 52, 258
"g:\MyClasses\DataBaseSystem\HITSZ-DB\DB-Exp3\backend\venv\Lib\site-packages\setuptools\command\__init__.py", "Python", 14, 0, 0, 0, 0, 0, 0, 0, 5, 19
"g:\MyClasses\DataBaseSystem\HITSZ-DB\DB-Exp3\backend\venv\Lib\site-packages\setuptools\command\alias.py", "Python", 61, 0, 0, 0, 0, 0, 0, 2, 18, 81
"g:\MyClasses\DataBaseSystem\HITSZ-DB\DB-Exp3\backend\venv\Lib\site-packages\setuptools\command\bdist_egg.py", "Python", 379, 0, 0, 0, 0, 0, 0, 42, 82, 503
"g:\MyClasses\DataBaseSystem\HITSZ-DB\DB-Exp3\backend\venv\Lib\site-packages\setuptools\command\bdist_rpm.py", "Python", 28, 0, 0, 0, 0, 0, 0, 10, 6, 44
"g:\MyClasses\DataBaseSystem\HITSZ-DB\DB-Exp3\backend\venv\Lib\site-packages\setuptools\command\bdist_wininst.py", "Python", 14, 0, 0, 0, 0, 0, 0, 4, 4, 22
"g:\MyClasses\DataBaseSystem\HITSZ-DB\DB-Exp3\backend\venv\Lib\site-packages\setuptools\command\build_clib.py", "Python", 61, 0, 0, 0, 0, 0, 0, 27, 11, 99
"g:\MyClasses\DataBaseSystem\HITSZ-DB\DB-Exp3\backend\venv\Lib\site-packages\setuptools\command\build_ext.py", "Python", 256, 0, 0, 0, 0, 0, 0, 33, 39, 328
"g:\MyClasses\DataBaseSystem\HITSZ-DB\DB-Exp3\backend\venv\Lib\site-packages\setuptools\command\build_py.py", "Python", 194, 0, 0, 0, 0, 0, 0, 40, 37, 271
"g:\MyClasses\DataBaseSystem\HITSZ-DB\DB-Exp3\backend\venv\Lib\site-packages\setuptools\command\develop.py", "Python", 147, 0, 0, 0, 0, 0, 0, 36, 39, 222
"g:\MyClasses\DataBaseSystem\HITSZ-DB\DB-Exp3\backend\venv\Lib\site-packages\setuptools\command\dist_info.py", "Python", 22, 0, 0, 0, 0, 0, 0, 4, 11, 37
"g:\MyClasses\DataBaseSystem\HITSZ-DB\DB-Exp3\backend\venv\Lib\site-packages\setuptools\command\easy_install.py", "Python", 1595, 0, 0, 0, 0, 0, 0, 443, 305, 2343
"g:\MyClasses\DataBaseSystem\HITSZ-DB\DB-Exp3\backend\venv\Lib\site-packages\setuptools\command\egg_info.py", "Python", 472, 0, 0, 0, 0, 0, 0, 127, 119, 718
"g:\MyClasses\DataBaseSystem\HITSZ-DB\DB-Exp3\backend\venv\Lib\site-packages\setuptools\command\install.py", "Python", 84, 0, 0, 0, 0, 0, 0, 20, 22, 126
"g:\MyClasses\DataBaseSystem\HITSZ-DB\DB-Exp3\backend\venv\Lib\site-packages\setuptools\command\install_egg_info.py", "Python", 46, 0, 0, 0, 0, 0, 0, 5, 12, 63
"g:\MyClasses\DataBaseSystem\HITSZ-DB\DB-Exp3\backend\venv\Lib\site-packages\setuptools\command\install_lib.py", "Python", 71, 0, 0, 0, 0, 0, 0, 27, 24, 122
"g:\MyClasses\DataBaseSystem\HITSZ-DB\DB-Exp3\backend\venv\Lib\site-packages\setuptools\command\install_scripts.py", "Python", 49, 0, 0, 0, 0, 0, 0, 6, 11, 66
"g:\MyClasses\DataBaseSystem\HITSZ-DB\DB-Exp3\backend\venv\Lib\site-packages\setuptools\command\launcher manifest.xml", "XML", 0, 0, 0, 0, 0, 14, 0, 1, 1, 16
"g:\MyClasses\DataBaseSystem\HITSZ-DB\DB-Exp3\backend\venv\Lib\site-packages\setuptools\command\py36compat.py", "Python", 80, 0, 0, 0, 0, 0, 0, 39, 18, 137
"g:\MyClasses\DataBaseSystem\HITSZ-DB\DB-Exp3\backend\venv\Lib\site-packages\setuptools\command\register.py", "Python", 14, 0, 0, 0, 0, 0, 0, 1, 4, 19
"g:\MyClasses\DataBaseSystem\HITSZ-DB\DB-Exp3\backend\venv\Lib\site-packages\setuptools\command\rotate.py", "Python", 54, 0, 0, 0, 0, 0, 0, 1, 12, 67
"g:\MyClasses\DataBaseSystem\HITSZ-DB\DB-Exp3\backend\venv\Lib\site-packages\setuptools\command\saveopts.py", "Python", 13, 0, 0, 0, 0, 0, 0, 1, 9, 23
"g:\MyClasses\DataBaseSystem\HITSZ-DB\DB-Exp3\backend\venv\Lib\site-packages\setuptools\command\sdist.py", "Python", 146, 0, 0, 0, 0, 0, 0, 36, 40, 222
"g:\MyClasses\DataBaseSystem\HITSZ-DB\DB-Exp3\backend\venv\Lib\site-packages\setuptools\command\setopt.py", "Python", 114, 0, 0, 0, 0, 0, 0, 13, 23, 150
"g:\MyClasses\DataBaseSystem\HITSZ-DB\DB-Exp3\backend\venv\Lib\site-packages\setuptools\command\test.py", "Python", 192, 0, 0, 0, 0, 0, 0, 34, 46, 272
"g:\MyClasses\DataBaseSystem\HITSZ-DB\DB-Exp3\backend\venv\Lib\site-packages\setuptools\command\upload.py", "Python", 142, 0, 0, 0, 0, 0, 0, 28, 27, 197
"g:\MyClasses\DataBaseSystem\HITSZ-DB\DB-Exp3\backend\venv\Lib\site-packages\setuptools\command\upload_docs.py", "Python", 165, 0, 0, 0, 0, 0, 0, 17, 25, 207
"g:\MyClasses\DataBaseSystem\HITSZ-DB\DB-Exp3\backend\venv\Lib\site-packages\setuptools\config.py", "Python", 361, 0, 0, 0, 0, 0, 0, 179, 117, 657
"g:\MyClasses\DataBaseSystem\HITSZ-DB\DB-Exp3\backend\venv\Lib\site-packages\setuptools\dep_util.py", "Python", 11, 0, 0, 0, 0, 0, 0, 9, 4, 24
"g:\MyClasses\DataBaseSystem\HITSZ-DB\DB-Exp3\backend\venv\Lib\site-packages\setuptools\depends.py", "Python", 104, 0, 0, 0, 0, 0, 0, 39, 44, 187
"g:\MyClasses\DataBaseSystem\HITSZ-DB\DB-Exp3\backend\venv\Lib\site-packages\setuptools\dist.py", "Python", 784, 0, 0, 0, 0, 0, 0, 310, 187, 1281
"g:\MyClasses\DataBaseSystem\HITSZ-DB\DB-Exp3\backend\venv\Lib\site-packages\setuptools\extension.py", "Python", 29, 0, 0, 0, 0, 0, 0, 15, 14, 58
"g:\MyClasses\DataBaseSystem\HITSZ-DB\DB-Exp3\backend\venv\Lib\site-packages\setuptools\extern\__init__.py", "Python", 42, 0, 0, 0, 0, 0, 0, 22, 10, 74
"g:\MyClasses\DataBaseSystem\HITSZ-DB\DB-Exp3\backend\venv\Lib\site-packages\setuptools\glibc.py", "Python", 35, 0, 0, 0, 0, 0, 0, 39, 13, 87
"g:\MyClasses\DataBaseSystem\HITSZ-DB\DB-Exp3\backend\venv\Lib\site-packages\setuptools\glob.py", "Python", 103, 0, 0, 0, 0, 0, 0, 43, 29, 175
"g:\MyClasses\DataBaseSystem\HITSZ-DB\DB-Exp3\backend\venv\Lib\site-packages\setuptools\launch.py", "Python", 18, 0, 0, 0, 0, 0, 0, 10, 8, 36
"g:\MyClasses\DataBaseSystem\HITSZ-DB\DB-Exp3\backend\venv\Lib\site-packages\setuptools\lib2to3_ex.py", "Python", 42, 0, 0, 0, 0, 0, 0, 10, 11, 63
"g:\MyClasses\DataBaseSystem\HITSZ-DB\DB-Exp3\backend\venv\Lib\site-packages\setuptools\monkey.py", "Python", 94, 0, 0, 0, 0, 0, 0, 48, 38, 180
"g:\MyClasses\DataBaseSystem\HITSZ-DB\DB-Exp3\backend\venv\Lib\site-packages\setuptools\msvc.py", "Python", 686, 0, 0, 0, 0, 0, 0, 462, 154, 1302
"g:\MyClasses\DataBaseSystem\HITSZ-DB\DB-Exp3\backend\venv\Lib\site-packages\setuptools\namespaces.py", "Python", 76, 0, 0, 0, 0, 0, 0, 11, 21, 108
"g:\MyClasses\DataBaseSystem\HITSZ-DB\DB-Exp3\backend\venv\Lib\site-packages\setuptools\package_index.py", "Python", 795, 0, 0, 0, 0, 0, 0, 170, 172, 1137
"g:\MyClasses\DataBaseSystem\HITSZ-DB\DB-Exp3\backend\venv\Lib\site-packages\setuptools\pep425tags.py", "Python", 189, 0, 0, 0, 0, 0, 0, 74, 57, 320
"g:\MyClasses\DataBaseSystem\HITSZ-DB\DB-Exp3\backend\venv\Lib\site-packages\setuptools\py27compat.py", "Python", 12, 0, 0, 0, 0, 0, 0, 7, 10, 29
"g:\MyClasses\DataBaseSystem\HITSZ-DB\DB-Exp3\backend\venv\Lib\site-packages\setuptools\py31compat.py", "Python", 19, 0, 0, 0, 0, 0, 0, 6, 8, 33
"g:\MyClasses\DataBaseSystem\HITSZ-DB\DB-Exp3\backend\venv\Lib\site-packages\setuptools\py33compat.py", "Python", 36, 0, 0, 0, 0, 0, 0, 3, 21, 60
"g:\MyClasses\DataBaseSystem\HITSZ-DB\DB-Exp3\backend\venv\Lib\site-packages\setuptools\sandbox.py", "Python", 316, 0, 0, 0, 0, 0, 0, 76, 100, 492
"g:\MyClasses\DataBaseSystem\HITSZ-DB\DB-Exp3\backend\venv\Lib\site-packages\setuptools\site-patch.py", "Python", 57, 0, 0, 0, 0, 0, 0, 4, 14, 75
"g:\MyClasses\DataBaseSystem\HITSZ-DB\DB-Exp3\backend\venv\Lib\site-packages\setuptools\ssl_support.py", "Python", 164, 0, 0, 0, 0, 0, 0, 52, 45, 261
"g:\MyClasses\DataBaseSystem\HITSZ-DB\DB-Exp3\backend\venv\Lib\site-packages\setuptools\unicode_utils.py", "Python", 29, 0, 0, 0, 0, 0, 0, 5, 11, 45
"g:\MyClasses\DataBaseSystem\HITSZ-DB\DB-Exp3\backend\venv\Lib\site-packages\setuptools\version.py", "Python", 5, 0, 0, 0, 0, 0, 0, 0, 2, 7
"g:\MyClasses\DataBaseSystem\HITSZ-DB\DB-Exp3\backend\venv\Lib\site-packages\setuptools\wheel.py", "Python", 172, 0, 0, 0, 0, 0, 0, 15, 25, 212
"g:\MyClasses\DataBaseSystem\HITSZ-DB\DB-Exp3\backend\venv\Lib\site-packages\setuptools\windows_support.py", "Python", 16, 0, 0, 0, 0, 0, 0, 7, 7, 30
"g:\MyClasses\DataBaseSystem\HITSZ-DB\DB-Exp3\backend\venv\Scripts\Activate.ps1", "PowerShell", 0, 0, 0, 0, 0, 0, 103, 239, 34, 376
"g:\MyClasses\DataBaseSystem\HITSZ-DB\DB-Exp3\backend\venv\Scripts\activate.bat", "Batch", 0, 0, 24, 0, 0, 0, 0, 0, 10, 34
"g:\MyClasses\DataBaseSystem\HITSZ-DB\DB-Exp3\backend\venv\Scripts\deactivate.bat", "Batch", 0, 0, 15, 0, 0, 0, 0, 0, 7, 22
"g:\MyClasses\DataBaseSystem\HITSZ-DB\DB-Exp3\backend\venv\pyvenv.cfg", "Properties", 0, 3, 0, 0, 0, 0, 0, 0, 1, 4
"Total", "-", 91252, 75, 40, 2, 209, 14, 103, 33967, 18207, 143869